"No.","Time","Source","Destination","Protocol","Length","Info"
"423","1.092510374","10.20.13.1","104.26.6.95","TLSv1.2","133","Application Data"
"428","1.113318035","104.26.6.95","10.20.13.1","TCP","66","443  >  37218 [ACK] Seq=1 Ack=68 Win=9 Len=0 TSval=1721799197 TSecr=4219016573"
"465","1.159057478","10.20.13.1","35.190.80.1","TLSv1.2","247","Application Data"
"466","1.159141817","10.20.13.1","35.190.80.1","TLSv1.2","105","Application Data"
"467","1.172056633","35.190.80.1","10.20.13.1","TCP","66","443  >  51050 [ACK] Seq=1 Ack=221 Win=1042 Len=0 TSval=617158198 TSecr=2029084921"
"468","1.172057811","35.190.80.1","10.20.13.1","TLSv1.2","105","Application Data"
"469","1.172092953","10.20.13.1","35.190.80.1","TCP","66","51050  >  443 [ACK] Seq=221 Ack=40 Win=501 Len=0 TSval=2029084935 TSecr=617158198"
"569","1.435604179","104.26.6.95","10.20.13.1","TLSv1.2","527","Application Data"
"570","1.435933370","104.26.6.95","10.20.13.1","TLSv1.2","188","Application Data"
"571","1.435934084","104.26.6.95","10.20.13.1","TLSv1.2","97","Application Data"
"572","1.436379188","10.20.13.1","104.26.6.95","TCP","66","37218  >  443 [ACK] Seq=68 Ack=615 Win=501 Len=0 TSval=4219016917 TSecr=1721799519"
"573","1.438339137","10.20.13.1","104.26.6.95","TLSv1.2","101","Application Data"
"574","1.442284034","35.190.80.1","10.20.13.1","TLSv1.2","147","Application Data"
"575","1.442329786","10.20.13.1","35.190.80.1","TCP","66","51050  >  443 [ACK] Seq=221 Ack=121 Win=501 Len=0 TSval=2029085205 TSecr=617158467"
"576","1.443060572","10.20.13.1","35.190.80.1","TLSv1.2","105","Application Data"
"577","1.443147171","10.20.13.1","35.190.80.1","TLSv1.2","101","Application Data"
"587","1.456880323","35.190.80.1","10.20.13.1","TCP","66","443  >  51050 [ACK] Seq=121 Ack=295 Win=1042 Len=0 TSval=617158482 TSecr=2029085205"
"588","1.456881439","104.26.6.95","10.20.13.1","TCP","66","443  >  37218 [ACK] Seq=615 Ack=103 Win=9 Len=0 TSval=1721799543 TSecr=4219016919"
"3502","9.020979354","129.227.192.20","10.20.58.171","TCP","60","443  >  35588 [FIN, ACK] Seq=1 Ack=1 Win=32 Len=0"
"4140","10.809771227","23.208.178.49","10.20.53.238","TLSv1.2","85","Encrypted Alert"
"4141","10.809772359","23.208.178.49","10.20.53.238","TCP","60","443  >  62453 [FIN, ACK] Seq=32 Ack=1 Win=501 Len=0"
"4188","10.952869768","23.208.178.49","10.20.53.238","TCP","60","[TCP Retransmission] 443  >  62453 [FIN, ACK] Seq=32 Ack=1 Win=501 Len=0"
"4234","11.091028604","10.20.13.1","104.26.6.95","TLSv1.2","133","Application Data"
"4241","11.128879856","104.26.6.95","10.20.13.1","TCP","66","443  >  37218 [ACK] Seq=615 Ack=170 Win=9 Len=0 TSval=1721809195 TSecr=4219026571"
"4344","11.351071023","23.208.178.49","10.20.53.238","TCP","85","[TCP Retransmission] 443  >  62453 [FIN, PSH, ACK] Seq=1 Ack=1 Win=501 Len=31"
"4391","11.436271661","104.26.6.95","10.20.13.1","TLSv1.2","518","Application Data"
"4392","11.436272381","104.26.6.95","10.20.13.1","TLSv1.2","188","Application Data"
"4393","11.436357934","104.26.6.95","10.20.13.1","TLSv1.2","97","Application Data"
"4394","11.436434318","10.20.13.1","104.26.6.95","TCP","66","37218  >  443 [ACK] Seq=170 Ack=1220 Win=501 Len=0 TSval=4219026917 TSecr=1721809522"
"4395","11.441719662","10.20.13.1","104.26.6.95","TLSv1.2","101","Application Data"
"4401","11.460687649","104.26.6.95","10.20.13.1","TCP","66","443  >  37218 [ACK] Seq=1220 Ack=205 Win=9 Len=0 TSval=1721809546 TSecr=4219026922"
"4533","11.816089715","23.208.178.49","10.20.53.238","TLSv1.2","85","Encrypted Alert"
"4535","11.816090046","23.208.178.49","10.20.53.238","TCP","60","443  >  62464 [FIN, ACK] Seq=32 Ack=1 Win=501 Len=0"
"4553","11.885538543","23.208.178.49","10.20.53.238","TCP","60","[TCP Retransmission] 443  >  62464 [FIN, ACK] Seq=32 Ack=1 Win=501 Len=0"
"4604","12.125083458","23.208.178.49","10.20.53.238","TCP","85","[TCP Retransmission] 443  >  62464 [FIN, PSH, ACK] Seq=1 Ack=1 Win=501 Len=31"
"4618","12.151223553","23.208.178.49","10.20.53.238","TCP","85","[TCP Retransmission] 443  >  62453 [FIN, PSH, ACK] Seq=1 Ack=1 Win=501 Len=31"
"4738","12.597071991","23.208.178.49","10.20.53.238","TCP","85","[TCP Retransmission] 443  >  62464 [FIN, PSH, ACK] Seq=1 Ack=1 Win=501 Len=31"
"5034","13.557139760","23.208.178.49","10.20.53.238","TCP","85","[TCP Retransmission] 443  >  62464 [FIN, PSH, ACK] Seq=1 Ack=1 Win=501 Len=31"
"5123","13.750076285","23.208.178.49","10.20.53.238","TCP","85","[TCP Retransmission] 443  >  62453 [FIN, PSH, ACK] Seq=1 Ack=1 Win=501 Len=31"
"5342","14.370155419","163.70.144.34","10.20.58.171","TLSv1.2","112","Application Data"
"5675","15.477095560","23.208.178.49","10.20.53.238","TCP","85","[TCP Retransmission] 443  >  62464 [FIN, PSH, ACK] Seq=1 Ack=1 Win=501 Len=31"
"5785","15.906567827","23.208.177.179","10.20.53.238","TLSv1.2","85","Encrypted Alert"
"5786","15.906568942","23.208.177.179","10.20.53.238","TCP","60","443  >  62477 [FIN, ACK] Seq=32 Ack=1 Win=501 Len=0"
"5794","15.963299342","23.208.177.179","10.20.53.238","TCP","60","[TCP Retransmission] 443  >  62477 [FIN, ACK] Seq=32 Ack=1 Win=501 Len=0"
"5860","16.196398551","23.208.177.179","10.20.53.238","TCP","85","[TCP Retransmission] 443  >  62477 [FIN, PSH, ACK] Seq=1 Ack=1 Win=501 Len=31"
"6056","16.653617841","23.208.177.179","10.20.53.238","TCP","85","[TCP Retransmission] 443  >  62477 [FIN, PSH, ACK] Seq=1 Ack=1 Win=501 Len=31"
"6149","16.951272589","23.208.178.49","10.20.53.238","TCP","85","[TCP Retransmission] 443  >  62453 [FIN, PSH, ACK] Seq=1 Ack=1 Win=501 Len=31"
"6352","17.597068464","23.208.177.179","10.20.53.238","TCP","85","[TCP Retransmission] 443  >  62477 [FIN, PSH, ACK] Seq=1 Ack=1 Win=501 Len=31"
"7473","21.096624863","10.20.13.1","104.26.6.95","TLSv1.2","133","Application Data"
"7478","21.115736782","104.26.6.95","10.20.13.1","TCP","66","443  >  37218 [ACK] Seq=1220 Ack=272 Win=9 Len=0 TSval=1721819201 TSecr=4219036577"
"7582","21.425998849","104.26.6.95","10.20.13.1","TLSv1.2","534","Application Data"
"7583","21.425999987","104.26.6.95","10.20.13.1","TLSv1.2","188","Application Data"
"7584","21.426000147","104.26.6.95","10.20.13.1","TLSv1.2","97","Application Data"
"7585","21.426177017","10.20.13.1","104.26.6.95","TCP","66","37218  >  443 [ACK] Seq=272 Ack=1841 Win=501 Len=0 TSval=4219036907 TSecr=1721819511"
"7586","21.428715729","10.20.13.1","104.26.6.95","TLSv1.2","101","Application Data"
"7588","21.447747886","104.26.6.95","10.20.13.1","TCP","66","443  >  37218 [ACK] Seq=1841 Ack=307 Win=9 Len=0 TSval=1721819533 TSecr=4219036909"
"10453","31.098506332","10.20.13.1","104.26.6.95","TLSv1.2","133","Application Data"
"10454","31.117080030","104.26.6.95","10.20.13.1","TCP","66","443  >  37218 [ACK] Seq=1841 Ack=374 Win=9 Len=0 TSval=1721829203 TSecr=4219046579"
"10581","31.437597110","104.26.6.95","10.20.13.1","TLSv1.2","518","Application Data"
"10582","31.437598233","104.26.6.95","10.20.13.1","TLSv1.2","188","Application Data"
"10583","31.437598355","104.26.6.95","10.20.13.1","TLSv1.2","97","Application Data"
"10584","31.437754416","10.20.13.1","104.26.6.95","TCP","66","37218  >  443 [ACK] Seq=374 Ack=2446 Win=501 Len=0 TSval=4219046918 TSecr=1721829523"
"10585","31.440316866","10.20.13.1","104.26.6.95","TLSv1.2","101","Application Data"
"10592","31.458870467","104.26.6.95","10.20.13.1","TCP","66","443  >  37218 [ACK] Seq=2446 Ack=409 Win=9 Len=0 TSval=1721829545 TSecr=4219046921"
"13234","41.102120769","10.20.13.1","104.26.6.95","TLSv1.2","133","Application Data"
"13239","41.120937608","104.26.6.95","10.20.13.1","TCP","66","443  >  37218 [ACK] Seq=2446 Ack=476 Win=9 Len=0 TSval=1721839206 TSecr=4219056583"
"13353","41.455353208","104.26.6.95","10.20.13.1","TLSv1.2","526","Application Data"
"13355","41.458952852","104.26.6.95","10.20.13.1","TLSv1.2","188","Application Data"
"13356","41.459007767","104.26.6.95","10.20.13.1","TLSv1.2","97","Application Data"
"13357","41.459067261","10.20.13.1","104.26.6.95","TCP","66","37218  >  443 [ACK] Seq=476 Ack=3059 Win=501 Len=0 TSval=4219056939 TSecr=1721839541"
"13358","41.459771114","10.20.13.1","104.26.6.95","TLSv1.2","101","Application Data"
"13360","41.479433218","104.26.6.95","10.20.13.1","TCP","66","443  >  37218 [ACK] Seq=3059 Ack=511 Win=9 Len=0 TSval=1721839564 TSecr=4219056940"
"13830","43.281845634","fe80::eb0d:6be8:1dcb:626","fe80::268:ebff:fec0:9a90","TCP","86","50673  >  40120 [SYN] Seq=0 Win=64800 Len=0 MSS=1440 WS=256 SACK_PERM=1"
"14208","44.313850298","fe80::eb0d:6be8:1dcb:626","fe80::268:ebff:fec0:9a90","TCP","86","[TCP Retransmission] 50673  >  40120 [SYN] Seq=0 Win=64800 Len=0 MSS=1440 WS=256 SACK_PERM=1"
"14525","45.525099460","10.20.13.1","104.97.76.219","TCP","66","39014  >  443 [ACK] Seq=1 Ack=1 Win=501 Len=0 TSval=3324574299 TSecr=1024363610"
"14531","45.537225476","104.97.76.219","10.20.13.1","TCP","60","443  >  39014 [RST] Seq=1 Win=0 Len=0"
"14755","46.291084757","fe80::eb0d:6be8:1dcb:626","fe80::268:ebff:fec0:9a90","TCP","86","[TCP Retransmission] 50673  >  40120 [SYN] Seq=0 Win=64800 Len=0 MSS=1440 WS=256 SACK_PERM=1"
"14851","46.548860716","10.20.13.1","35.190.80.1","TCP","66","[TCP Keep-Alive] 51050  >  443 [ACK] Seq=294 Ack=121 Win=501 Len=0 TSval=2029130311 TSecr=617158482"
"14854","46.562790723","35.190.80.1","10.20.13.1","TCP","66","[TCP Keep-Alive ACK] 443  >  51050 [ACK] Seq=121 Ack=295 Win=1042 Len=0 TSval=617203587 TSecr=2029085205"
"16022","50.293257369","fe80::eb0d:6be8:1dcb:626","fe80::268:ebff:fec0:9a90","TCP","86","[TCP Retransmission] 50673  >  40120 [SYN] Seq=0 Win=64800 Len=0 MSS=1440 WS=256 SACK_PERM=1"
"16273","51.103467289","10.20.13.1","104.26.6.95","TLSv1.2","133","Application Data"
"16277","51.122197411","104.26.6.95","10.20.13.1","TCP","66","443  >  37218 [ACK] Seq=3059 Ack=578 Win=9 Len=0 TSval=1721849208 TSecr=4219066584"
"16378","51.437101333","104.26.6.95","10.20.13.1","TLSv1.2","675","Application Data"
"16379","51.437336813","104.26.6.95","10.20.13.1","TLSv1.2","188","Application Data"
"16380","51.437337577","104.26.6.95","10.20.13.1","TLSv1.2","97","Application Data"
"16381","51.437847865","10.20.13.1","104.26.6.95","TCP","66","37218  >  443 [ACK] Seq=578 Ack=3821 Win=501 Len=0 TSval=4219066918 TSecr=1721849516"
"16382","51.439758302","10.20.13.1","104.26.6.95","TLSv1.2","101","Application Data"
"16390","51.459485929","104.26.6.95","10.20.13.1","TCP","66","443  >  37218 [ACK] Seq=3821 Ack=613 Win=9 Len=0 TSval=1721849544 TSecr=4219066920"
"19139","61.112125423","10.20.13.1","104.26.6.95","TLSv1.2","133","Application Data"
"19140","61.131026667","104.26.6.95","10.20.13.1","TCP","66","443  >  37218 [ACK] Seq=3821 Ack=680 Win=9 Len=0 TSval=1721859216 TSecr=4219076593"
"19152","61.159971234","10.20.13.1","35.190.80.1","TLSv1.2","250","Application Data"
"19153","61.160055193","10.20.13.1","35.190.80.1","TLSv1.2","105","Application Data"
"19158","61.173077604","35.190.80.1","10.20.13.1","TCP","66","443  >  51050 [ACK] Seq=121 Ack=518 Win=1042 Len=0 TSval=617218199 TSecr=2029144922"
"19159","61.173077764","35.190.80.1","10.20.13.1","TLSv1.2","105","Application Data"
"19160","61.173132100","10.20.13.1","35.190.80.1","TCP","66","51050  >  443 [ACK] Seq=518 Ack=160 Win=501 Len=0 TSval=2029144936 TSecr=617218199"
"19243","61.443334467","35.190.80.1","10.20.13.1","TLSv1.2","147","Application Data"
"19244","61.443381807","10.20.13.1","35.190.80.1","TCP","66","51050  >  443 [ACK] Seq=518 Ack=241 Win=501 Len=0 TSval=2029145206 TSecr=617218468"
"19245","61.444140879","10.20.13.1","35.190.80.1","TLSv1.2","105","Application Data"
"19246","61.444228322","10.20.13.1","35.190.80.1","TLSv1.2","101","Application Data"
"19250","61.452988459","104.26.6.95","10.20.13.1","TLSv1.2","524","Application Data"
"19251","61.452989820","104.26.6.95","10.20.13.1","TLSv1.2","188","Application Data"
"19252","61.452989938","104.26.6.95","10.20.13.1","TLSv1.2","97","Application Data"
"19253","61.453115124","10.20.13.1","104.26.6.95","TCP","66","37218  >  443 [ACK] Seq=680 Ack=4432 Win=501 Len=0 TSval=4219076934 TSecr=1721859537"
"19254","61.455656387","10.20.13.1","104.26.6.95","TLSv1.2","101","Application Data"
"19255","61.457054650","35.190.80.1","10.20.13.1","TCP","66","443  >  51050 [ACK] Seq=241 Ack=592 Win=1042 Len=0 TSval=617218483 TSecr=2029145207"
"19263","61.474558055","104.26.6.95","10.20.13.1","TCP","66","443  >  37218 [ACK] Seq=4432 Ack=715 Win=9 Len=0 TSval=1721859560 TSecr=4219076936"
"21968","71.107503821","10.20.13.1","104.26.6.95","TLSv1.2","133","Application Data"
"21972","71.127090874","104.26.6.95","10.20.13.1","TCP","66","443  >  37218 [ACK] Seq=4432 Ack=782 Win=9 Len=0 TSval=1721869212 TSecr=4219086588"
"22079","71.445073081","104.26.6.95","10.20.13.1","TLSv1.2","520","Application Data"
"22080","71.445074363","104.26.6.95","10.20.13.1","TLSv1.2","188","Application Data"
"22081","71.445074516","104.26.6.95","10.20.13.1","TLSv1.2","97","Application Data"
"22082","71.445237985","10.20.13.1","104.26.6.95","TCP","66","37218  >  443 [ACK] Seq=782 Ack=5039 Win=501 Len=0 TSval=4219086926 TSecr=1721869530"
"22083","71.447715184","10.20.13.1","104.26.6.95","TLSv1.2","101","Application Data"
"22089","71.466713306","104.26.6.95","10.20.13.1","TCP","66","443  >  37218 [ACK] Seq=5039 Ack=817 Win=9 Len=0 TSval=1721869552 TSecr=4219086928"
"22492","72.728404634","20.198.118.190","10.20.54.188","TCP","60","443  >  50165 [FIN, ACK] Seq=1 Ack=1 Win=7697 Len=0"
"22574","73.038651766","20.198.118.190","10.20.54.188","TCP","60","[TCP Retransmission] 443  >  50165 [FIN, ACK] Seq=1 Ack=1 Win=7697 Len=0"
"22772","73.648832779","20.198.118.190","10.20.54.188","TCP","60","[TCP Retransmission] 443  >  50165 [FIN, ACK] Seq=1 Ack=1 Win=7697 Len=0"
"23236","74.850612570","20.198.118.190","10.20.54.188","TCP","60","[TCP Retransmission] 443  >  50165 [FIN, ACK] Seq=1 Ack=1 Win=7697 Len=0"
"23978","77.256873610","20.198.118.190","10.20.54.188","TCP","60","[TCP Retransmission] 443  >  50165 [FIN, ACK] Seq=1 Ack=1 Win=7697 Len=0"
"24246","78.269336413","10.20.13.1","104.97.76.219","TCP","74","39040  >  443 [SYN] Seq=0 Win=64240 Len=0 MSS=1460 SACK_PERM=1 TSval=3324607043 TSecr=0 WS=128"
"24254","78.281817713","104.97.76.219","10.20.13.1","TCP","74","443  >  39040 [SYN, ACK] Seq=0 Ack=1 Win=65160 Len=0 MSS=1384 SACK_PERM=1 TSval=1024442179 TSecr=3324607043 WS=128"
"24255","78.281871002","10.20.13.1","104.97.76.219","TCP","66","39040  >  443 [ACK] Seq=1 Ack=1 Win=64256 Len=0 TSval=3324607055 TSecr=1024442179"
"24257","78.282656784","10.20.13.1","104.97.76.219","TCP","1438","39040  >  443 [ACK] Seq=1 Ack=1 Win=64256 Len=1372 TSval=3324607056 TSecr=1024442179 [TCP segment of a reassembled PDU]"
"24258","78.282661331","10.20.13.1","104.97.76.219","TLSv1.3","821","Client Hello"
"24269","78.296164816","104.97.76.219","10.20.13.1","TLSv1.3","336","Server Hello, Change Cipher Spec, Application Data, Application Data"
"24270","78.296208179","10.20.13.1","104.97.76.219","TCP","66","39040  >  443 [ACK] Seq=2128 Ack=271 Win=64128 Len=0 TSval=3324607070 TSecr=1024442179"
"24272","78.296752354","10.20.13.1","104.97.76.219","TLSv1.3","146","Change Cipher Spec, Application Data"
"24273","78.296981821","10.20.13.1","104.97.76.219","TLSv1.3","550","Application Data"
"24280","78.308754493","104.97.76.219","10.20.13.1","TCP","66","443  >  39040 [ACK] Seq=271 Ack=2208 Win=64128 Len=0 TSval=1024442205 TSecr=3324607070"
"24281","78.309964476","104.97.76.219","10.20.13.1","TCP","66","443  >  39040 [ACK] Seq=271 Ack=2692 Win=64128 Len=0 TSval=1024442206 TSecr=3324607070"
"24299","78.331193428","104.97.76.219","10.20.13.1","TLSv1.3","369","Application Data"
"24300","78.331220751","10.20.13.1","104.97.76.219","TCP","66","39040  >  443 [ACK] Seq=2692 Ack=574 Win=64128 Len=0 TSval=3324607105 TSecr=1024442228"
"24301","78.332889664","104.97.76.219","10.20.13.1","TLSv1.3","466","Application Data"
"24302","78.332917596","10.20.13.1","104.97.76.219","TCP","66","39040  >  443 [ACK] Seq=2692 Ack=974 Win=64128 Len=0 TSval=3324607106 TSecr=1024442229"
"25151","81.109592882","10.20.13.1","104.26.6.95","TLSv1.2","133","Application Data"
"25157","81.128709603","104.26.6.95","10.20.13.1","TCP","66","443  >  37218 [ACK] Seq=5039 Ack=884 Win=9 Len=0 TSval=1721879214 TSecr=4219096590"
"25307","81.450056706","104.26.6.95","10.20.13.1","TLSv1.2","516","Application Data"
"25308","81.451204159","104.26.6.95","10.20.13.1","TLSv1.2","188","Application Data"
"25309","81.451204843","104.26.6.95","10.20.13.1","TLSv1.2","97","Application Data"
"25310","81.452236259","10.20.13.1","104.26.6.95","TCP","66","37218  >  443 [ACK] Seq=884 Ack=5642 Win=501 Len=0 TSval=4219096933 TSecr=1721879535"
"25311","81.452872338","10.20.13.1","104.26.6.95","TLSv1.2","101","Application Data"
"25314","81.471923748","104.26.6.95","10.20.13.1","TCP","66","443  >  37218 [ACK] Seq=5642 Ack=919 Win=9 Len=0 TSval=1721879557 TSecr=4219096933"
"28094","91.115631710","10.20.13.1","104.26.6.95","TLSv1.2","133","Application Data"
"28106","91.135916943","104.26.6.95","10.20.13.1","TCP","66","443  >  37218 [ACK] Seq=5642 Ack=986 Win=9 Len=0 TSval=1721889220 TSecr=4219106596"
"28204","91.450378389","104.26.6.95","10.20.13.1","TLSv1.2","522","Application Data"
"28205","91.450379484","104.26.6.95","10.20.13.1","TLSv1.2","188","Application Data"
"28206","91.450379606","104.26.6.95","10.20.13.1","TLSv1.2","97","Application Data"
"28207","91.450546341","10.20.13.1","104.26.6.95","TCP","66","37218  >  443 [ACK] Seq=986 Ack=6251 Win=501 Len=0 TSval=4219106931 TSecr=1721889536"
"28209","91.455190873","10.20.13.1","104.26.6.95","TLSv1.2","101","Application Data"
"28215","91.473975833","104.26.6.95","10.20.13.1","TCP","66","443  >  37218 [ACK] Seq=6251 Ack=1021 Win=9 Len=0 TSval=1721889559 TSecr=4219106936"
"31207","101.118323243","10.20.13.1","104.26.6.95","TLSv1.2","133","Application Data"
"31214","101.136888307","104.26.6.95","10.20.13.1","TCP","66","443  >  37218 [ACK] Seq=6251 Ack=1088 Win=9 Len=0 TSval=1721899222 TSecr=4219116599"
"31333","101.459756832","104.26.6.95","10.20.13.1","TLSv1.2","525","Application Data"
"31335","101.461725493","104.26.6.95","10.20.13.1","TLSv1.2","188","Application Data"
"31336","101.461725634","104.26.6.95","10.20.13.1","TLSv1.2","97","Application Data"
"31337","101.461871566","10.20.13.1","104.26.6.95","TCP","66","37218  >  443 [ACK] Seq=1088 Ack=6863 Win=501 Len=0 TSval=4219116942 TSecr=1721899545"
"31338","101.462094947","10.20.13.1","104.26.6.95","TLSv1.2","101","Application Data"
"31341","101.480602468","104.26.6.95","10.20.13.1","TCP","66","443  >  37218 [ACK] Seq=6863 Ack=1123 Win=9 Len=0 TSval=1721899566 TSecr=4219116943"
"32943","106.708871977","10.20.13.1","35.190.80.1","TCP","66","[TCP Keep-Alive] 51050  >  443 [ACK] Seq=591 Ack=241 Win=501 Len=0 TSval=2029190471 TSecr=617218483"
"32945","106.722446924","35.190.80.1","10.20.13.1","TCP","66","[TCP Keep-Alive ACK] 443  >  51050 [ACK] Seq=241 Ack=592 Win=1042 Len=0 TSval=617263747 TSecr=2029145207"
"34597","111.121258281","10.20.13.1","104.26.6.95","TLSv1.2","133","Application Data"
"34599","111.140126023","104.26.6.95","10.20.13.1","TCP","66","443  >  37218 [ACK] Seq=6863 Ack=1190 Win=9 Len=0 TSval=1721909225 TSecr=4219126602"
"34714","111.447212486","104.26.6.95","10.20.13.1","TLSv1.2","678","Application Data"
"34715","111.447553471","104.26.6.95","10.20.13.1","TLSv1.2","188","Application Data"
"34716","111.447554153","104.26.6.95","10.20.13.1","TLSv1.2","97","Application Data"
"34717","111.447990712","10.20.13.1","104.26.6.95","TCP","66","37218  >  443 [ACK] Seq=1190 Ack=7628 Win=501 Len=0 TSval=4219126928 TSecr=1721909532"
"34720","111.450012883","10.20.13.1","104.26.6.95","TLSv1.2","101","Application Data"
"34728","111.468503173","104.26.6.95","10.20.13.1","TCP","66","443  >  37218 [ACK] Seq=7628 Ack=1225 Win=9 Len=0 TSval=1721909554 TSecr=4219126930"
"37651","121.124080465","10.20.13.1","104.26.6.95","TLSv1.2","133","Application Data"
"37666","121.143283753","104.26.6.95","10.20.13.1","TCP","66","443  >  37218 [ACK] Seq=7628 Ack=1292 Win=9 Len=0 TSval=1721919228 TSecr=4219136605"
"37674","121.161119781","10.20.13.1","35.190.80.1","TLSv1.2","253","Application Data"
"37675","121.161202343","10.20.13.1","35.190.80.1","TLSv1.2","105","Application Data"
"37682","121.174736265","35.190.80.1","10.20.13.1","TCP","66","443  >  51050 [ACK] Seq=241 Ack=818 Win=1042 Len=0 TSval=617278200 TSecr=2029204924"
"37683","121.174737361","35.190.80.1","10.20.13.1","TLSv1.2","105","Application Data"
"37709","121.220777822","10.20.13.1","35.190.80.1","TCP","66","51050  >  443 [ACK] Seq=818 Ack=280 Win=501 Len=0 TSval=2029204983 TSecr=617278200"
"37805","121.439732925","35.190.80.1","10.20.13.1","TLSv1.2","147","Application Data"
"37806","121.439747324","10.20.13.1","35.190.80.1","TCP","66","51050  >  443 [ACK] Seq=818 Ack=361 Win=501 Len=0 TSval=2029205202 TSecr=617278465"
"37807","121.440015148","10.20.13.1","35.190.80.1","TLSv1.2","105","Application Data"
"37808","121.440037041","10.20.13.1","35.190.80.1","TLSv1.2","101","Application Data"
"37816","121.453303158","35.190.80.1","10.20.13.1","TCP","66","443  >  51050 [ACK] Seq=361 Ack=892 Win=1042 Len=0 TSval=617278478 TSecr=2029205202"
"37819","121.458413141","104.26.6.95","10.20.13.1","TLSv1.2","529","Application Data"
"37820","121.459606740","104.26.6.95","10.20.13.1","TLSv1.2","188","Application Data"
"37821","121.459647016","104.26.6.95","10.20.13.1","TLSv1.2","97","Application Data"
"37822","121.460970943","10.20.13.1","104.26.6.95","TCP","66","37218  >  443 [ACK] Seq=1292 Ack=8244 Win=501 Len=0 TSval=4219136941 TSecr=1721919544"
"37823","121.461592641","10.20.13.1","104.26.6.95","TLSv1.2","101","Application Data"
"37837","121.480015638","104.26.6.95","10.20.13.1","TCP","66","443  >  37218 [ACK] Seq=8244 Ack=1327 Win=9 Len=0 TSval=1721919566 TSecr=4219136942"
"38350","123.348834888","10.20.13.1","104.97.76.219","TCP","66","[TCP Keep-Alive] 39040  >  443 [ACK] Seq=2691 Ack=974 Win=64128 Len=0 TSval=3324652122 TSecr=1024442229"
"38352","123.362280247","104.97.76.219","10.20.13.1","TCP","66","[TCP Keep-Alive ACK] 443  >  39040 [ACK] Seq=974 Ack=2692 Win=64128 Len=0 TSval=1024487257 TSecr=3324607106"
"40594","131.127047397","10.20.13.1","104.26.6.95","TLSv1.2","133","Application Data"
"40602","131.146220487","104.26.6.95","10.20.13.1","TCP","66","443  >  37218 [ACK] Seq=8244 Ack=1394 Win=9 Len=0 TSval=1721929231 TSecr=4219146607"
"40758","131.455814182","104.26.6.95","10.20.13.1","TLSv1.2","522","Application Data"
"40759","131.456865427","104.26.6.95","10.20.13.1","TLSv1.2","188","Application Data"
"40760","131.456900754","104.26.6.95","10.20.13.1","TLSv1.2","97","Application Data"
"40762","131.458283270","10.20.13.1","104.26.6.95","TCP","66","37218  >  443 [ACK] Seq=1394 Ack=8853 Win=501 Len=0 TSval=4219146939 TSecr=1721929541"
"40763","131.459075634","10.20.13.1","104.26.6.95","TLSv1.2","101","Application Data"
"40774","131.478607594","104.26.6.95","10.20.13.1","TCP","66","443  >  37218 [ACK] Seq=8853 Ack=1429 Win=9 Len=0 TSval=1721929563 TSecr=4219146940"
"44282","141.129213446","10.20.13.1","104.26.6.95","TLSv1.2","133","Application Data"
"44285","141.148880325","104.26.6.95","10.20.13.1","TCP","66","443  >  37218 [ACK] Seq=8853 Ack=1496 Win=9 Len=0 TSval=1721939233 TSecr=4219156610"
"44438","141.457994045","104.26.6.95","10.20.13.1","TLSv1.2","524","Application Data"
"44439","141.458473509","104.26.6.95","10.20.13.1","TLSv1.2","188","Application Data"
"44440","141.458516020","104.26.6.95","10.20.13.1","TLSv1.2","97","Application Data"
"44441","141.458773606","10.20.13.1","104.26.6.95","TCP","66","37218  >  443 [ACK] Seq=1496 Ack=9464 Win=501 Len=0 TSval=4219156939 TSecr=1721939543"
"44442","141.459006166","10.20.13.1","104.26.6.95","TLSv1.2","101","Application Data"
"44445","141.478552309","104.26.6.95","10.20.13.1","TCP","66","443  >  37218 [ACK] Seq=9464 Ack=1531 Win=9 Len=0 TSval=1721939563 TSecr=4219156939"
"48088","151.128785939","10.20.13.1","104.26.6.95","TLSv1.2","133","Application Data"
"48113","151.147311882","104.26.6.95","10.20.13.1","TCP","66","443  >  37218 [ACK] Seq=9464 Ack=1598 Win=9 Len=0 TSval=1721949233 TSecr=4219166609"
"48231","151.463648688","104.26.6.95","10.20.13.1","TLSv1.2","520","Application Data"
"48232","151.463649781","104.26.6.95","10.20.13.1","TLSv1.2","188","Application Data"
"48233","151.463711483","104.26.6.95","10.20.13.1","TLSv1.2","97","Application Data"
"48234","151.463780780","10.20.13.1","104.26.6.95","TCP","66","37218  >  443 [ACK] Seq=1598 Ack=10071 Win=501 Len=0 TSval=4219166944 TSecr=1721949549"
"48235","151.466331303","10.20.13.1","104.26.6.95","TLSv1.2","101","Application Data"
"48241","151.485083239","104.26.6.95","10.20.13.1","TCP","66","443  >  37218 [ACK] Seq=10071 Ack=1633 Win=9 Len=0 TSval=1721949570 TSecr=4219166947"
"50887","161.133999083","10.20.13.1","104.26.6.95","TLSv1.2","133","Application Data"
"50889","161.153046164","104.26.6.95","10.20.13.1","TCP","66","443  >  37218 [ACK] Seq=10071 Ack=1700 Win=9 Len=0 TSval=1721959238 TSecr=4219176614"
"50989","161.468056163","104.26.6.95","10.20.13.1","TLSv1.2","515","Application Data"
"50991","161.469148415","104.26.6.95","10.20.13.1","TLSv1.2","188","Application Data"
"50992","161.469148915","104.26.6.95","10.20.13.1","TLSv1.2","97","Application Data"
"50993","161.470512561","10.20.13.1","104.26.6.95","TCP","66","37218  >  443 [ACK] Seq=1700 Ack=10673 Win=501 Len=0 TSval=4219176951 TSecr=1721959553"
"50994","161.471394219","10.20.13.1","104.26.6.95","TLSv1.2","101","Application Data"
"51003","161.489838296","104.26.6.95","10.20.13.1","TCP","66","443  >  37218 [ACK] Seq=10673 Ack=1735 Win=9 Len=0 TSval=1721959575 TSecr=4219176952"
"52385","166.613086015","10.20.13.1","35.190.80.1","TCP","66","[TCP Keep-Alive] 51050  >  443 [ACK] Seq=891 Ack=361 Win=501 Len=0 TSval=2029250376 TSecr=617278478"
"52386","166.626737605","35.190.80.1","10.20.13.1","TCP","66","[TCP Keep-Alive ACK] 443  >  51050 [ACK] Seq=361 Ack=892 Win=1042 Len=0 TSval=617323651 TSecr=2029205202"
"52878","168.405074501","10.20.13.1","104.97.76.219","TCP","66","[TCP Keep-Alive] 39040  >  443 [ACK] Seq=2691 Ack=974 Win=64128 Len=0 TSval=3324697178 TSecr=1024487257"
"52881","168.417122102","104.97.76.219","10.20.13.1","TCP","66","[TCP Keep-Alive ACK] 443  >  39040 [ACK] Seq=974 Ack=2692 Win=64128 Len=0 TSval=1024532313 TSecr=3324607106"
"53811","171.132673807","10.20.13.1","104.26.6.95","TLSv1.2","133","Application Data"
"53819","171.151091945","104.26.6.95","10.20.13.1","TCP","66","443  >  37218 [ACK] Seq=10673 Ack=1802 Win=9 Len=0 TSval=1721969237 TSecr=4219186613"
"53926","171.464874773","104.26.6.95","10.20.13.1","TLSv1.2","677","Application Data"
"53927","171.465925204","104.26.6.95","10.20.13.1","TLSv1.2","188","Application Data"
"53928","171.465925348","104.26.6.95","10.20.13.1","TLSv1.2","97","Application Data"
"53929","171.465982524","10.20.13.1","104.26.6.95","TCP","66","37218  >  443 [ACK] Seq=1802 Ack=11437 Win=501 Len=0 TSval=4219186946 TSecr=1721969545"
"53930","171.466358275","10.20.13.1","104.26.6.95","TLSv1.2","101","Application Data"
"53932","171.500299967","104.26.6.95","10.20.13.1","TCP","66","443  >  37218 [ACK] Seq=11437 Ack=1837 Win=9 Len=0 TSval=1721969570 TSecr=4219186947"
"56492","180.932185473","10.20.3.19","10.20.2.19","TCP","66","53094  >  7680 [SYN] Seq=0 Win=64240 Len=0 MSS=1460 WS=256 SACK_PERM=1"
"56493","180.932187055","10.20.3.19","10.20.2.22","TCP","66","53095  >  7680 [SYN] Seq=0 Win=64240 Len=0 MSS=1460 WS=256 SACK_PERM=1"
"56505","180.933819705","10.20.3.19","10.20.9.5","TCP","66","53098  >  7680 [SYN] Seq=0 Win=64240 Len=0 MSS=1460 WS=256 SACK_PERM=1"
"56506","180.935152241","10.20.3.19","10.20.2.8","TCP","66","53100  >  7680 [SYN] Seq=0 Win=64240 Len=0 MSS=1460 WS=256 SACK_PERM=1"
"56507","180.935732303","10.20.3.19","10.20.2.9","TCP","66","53101  >  7680 [SYN] Seq=0 Win=64240 Len=0 MSS=1460 WS=256 SACK_PERM=1"
"56508","180.936035138","10.20.3.19","10.20.52.152","TCP","66","53102  >  7680 [SYN] Seq=0 Win=64240 Len=0 MSS=1460 WS=256 SACK_PERM=1"
"56509","180.936790508","10.20.3.19","10.20.2.14","TCP","66","53103  >  7680 [SYN] Seq=0 Win=64240 Len=0 MSS=1460 WS=256 SACK_PERM=1"
"56510","180.937211554","10.20.3.19","10.20.58.139","TCP","66","53104  >  7680 [SYN] Seq=0 Win=64240 Len=0 MSS=1460 WS=256 SACK_PERM=1"
"56577","181.137964800","10.20.13.1","104.26.6.95","TLSv1.2","133","Application Data"
"56591","181.156879948","104.26.6.95","10.20.13.1","TCP","66","443  >  37218 [ACK] Seq=11437 Ack=1904 Win=9 Len=0 TSval=1721979242 TSecr=4219196618"
"56598","181.161861018","10.20.13.1","35.190.80.1","TLSv1.2","252","Application Data"
"56599","181.161944515","10.20.13.1","35.190.80.1","TLSv1.2","105","Application Data"
"56611","181.175549902","35.190.80.1","10.20.13.1","TCP","66","443  >  51050 [ACK] Seq=361 Ack=1117 Win=1042 Len=0 TSval=617338200 TSecr=2029264924"
"56612","181.175550094","35.190.80.1","10.20.13.1","TLSv1.2","105","Application Data"
"56613","181.175580005","10.20.13.1","35.190.80.1","TCP","66","51050  >  443 [ACK] Seq=1117 Ack=400 Win=501 Len=0 TSval=2029264938 TSecr=617338200"
"56715","181.441354638","35.190.80.1","10.20.13.1","TLSv1.2","147","Application Data"
"56716","181.441400775","10.20.13.1","35.190.80.1","TCP","66","51050  >  443 [ACK] Seq=1117 Ack=481 Win=501 Len=0 TSval=2029265204 TSecr=617338466"
"56717","181.442160958","10.20.13.1","35.190.80.1","TLSv1.2","105","Application Data"
"56718","181.442247033","10.20.13.1","35.190.80.1","TLSv1.2","101","Application Data"
"56727","181.455515277","35.190.80.1","10.20.13.1","TCP","66","443  >  51050 [ACK] Seq=481 Ack=1191 Win=1042 Len=0 TSval=617338480 TSecr=2029265205"
"56734","181.459519606","104.26.6.95","10.20.13.1","TLSv1.2","526","Application Data"
"56745","181.466412121","104.26.6.95","10.20.13.1","TLSv1.2","188","Application Data"
"56746","181.466520259","10.20.13.1","104.26.6.95","TCP","66","37218  >  443 [ACK] Seq=1904 Ack=12019 Win=501 Len=0 TSval=4219196947 TSecr=1721979545"
"56747","181.466530002","104.26.6.95","10.20.13.1","TLSv1.2","97","Application Data"
"56748","181.467360805","10.20.13.1","104.26.6.95","TLSv1.2","101","Application Data"
"56751","181.485969555","104.26.6.95","10.20.13.1","TCP","66","443  >  37218 [ACK] Seq=12050 Ack=1939 Win=9 Len=0 TSval=1721979571 TSecr=4219196948"
"56870","181.935959104","10.20.3.19","10.20.2.19","TCP","66","[TCP Retransmission] 53094  >  7680 [SYN] Seq=0 Win=64240 Len=0 MSS=1460 WS=256 SACK_PERM=1"
"56871","181.935959771","10.20.3.19","10.20.52.152","TCP","66","[TCP Retransmission] 53102  >  7680 [SYN] Seq=0 Win=64240 Len=0 MSS=1460 WS=256 SACK_PERM=1"
"56872","181.935959819","10.20.3.19","10.20.9.5","TCP","66","[TCP Retransmission] 53098  >  7680 [SYN] Seq=0 Win=64240 Len=0 MSS=1460 WS=256 SACK_PERM=1"
"56873","181.935959870","10.20.3.19","10.20.2.8","TCP","66","[TCP Retransmission] 53100  >  7680 [SYN] Seq=0 Win=64240 Len=0 MSS=1460 WS=256 SACK_PERM=1"
"56874","181.935959922","10.20.3.19","10.20.2.22","TCP","66","[TCP Retransmission] 53095  >  7680 [SYN] Seq=0 Win=64240 Len=0 MSS=1460 WS=256 SACK_PERM=1"
"56875","181.935959970","10.20.3.19","10.20.2.9","TCP","66","[TCP Retransmission] 53101  >  7680 [SYN] Seq=0 Win=64240 Len=0 MSS=1460 WS=256 SACK_PERM=1"
"56881","181.950677545","10.20.3.19","10.20.2.14","TCP","66","[TCP Retransmission] 53103  >  7680 [SYN] Seq=0 Win=64240 Len=0 MSS=1460 WS=256 SACK_PERM=1"
"56882","181.950678550","10.20.3.19","10.20.58.139","TCP","66","[TCP Retransmission] 53104  >  7680 [SYN] Seq=0 Win=64240 Len=0 MSS=1460 WS=256 SACK_PERM=1"
"57354","183.950549924","10.20.3.19","10.20.9.5","TCP","66","[TCP Retransmission] 53098  >  7680 [SYN] Seq=0 Win=64240 Len=0 MSS=1460 WS=256 SACK_PERM=1"
"57355","183.950550626","10.20.3.19","10.20.2.19","TCP","66","[TCP Retransmission] 53094  >  7680 [SYN] Seq=0 Win=64240 Len=0 MSS=1460 WS=256 SACK_PERM=1"
"57356","183.950550788","10.20.3.19","10.20.52.152","TCP","66","[TCP Retransmission] 53102  >  7680 [SYN] Seq=0 Win=64240 Len=0 MSS=1460 WS=256 SACK_PERM=1"
"57357","183.950581414","10.20.3.19","10.20.2.22","TCP","66","[TCP Retransmission] 53095  >  7680 [SYN] Seq=0 Win=64240 Len=0 MSS=1460 WS=256 SACK_PERM=1"
"57358","183.950581584","10.20.3.19","10.20.2.8","TCP","66","[TCP Retransmission] 53100  >  7680 [SYN] Seq=0 Win=64240 Len=0 MSS=1460 WS=256 SACK_PERM=1"
"57359","183.950581728","10.20.3.19","10.20.2.9","TCP","66","[TCP Retransmission] 53101  >  7680 [SYN] Seq=0 Win=64240 Len=0 MSS=1460 WS=256 SACK_PERM=1"
"57360","183.950581838","10.20.3.19","10.20.58.139","TCP","66","[TCP Retransmission] 53104  >  7680 [SYN] Seq=0 Win=64240 Len=0 MSS=1460 WS=256 SACK_PERM=1"
"57362","183.965403164","10.20.3.19","10.20.2.14","TCP","66","[TCP Retransmission] 53103  >  7680 [SYN] Seq=0 Win=64240 Len=0 MSS=1460 WS=256 SACK_PERM=1"
"58525","187.966277536","10.20.3.19","10.20.9.5","TCP","66","[TCP Retransmission] 53098  >  7680 [SYN] Seq=0 Win=64240 Len=0 MSS=1460 WS=256 SACK_PERM=1"
"58526","187.966278809","10.20.3.19","10.20.2.8","TCP","66","[TCP Retransmission] 53100  >  7680 [SYN] Seq=0 Win=64240 Len=0 MSS=1460 WS=256 SACK_PERM=1"
"58527","187.966278980","10.20.3.19","10.20.2.14","TCP","66","[TCP Retransmission] 53103  >  7680 [SYN] Seq=0 Win=64240 Len=0 MSS=1460 WS=256 SACK_PERM=1"
"58528","187.966279098","10.20.3.19","10.20.2.19","TCP","66","[TCP Retransmission] 53094  >  7680 [SYN] Seq=0 Win=64240 Len=0 MSS=1460 WS=256 SACK_PERM=1"
"58529","187.966279217","10.20.3.19","10.20.52.152","TCP","66","[TCP Retransmission] 53102  >  7680 [SYN] Seq=0 Win=64240 Len=0 MSS=1460 WS=256 SACK_PERM=1"
"58530","187.966279332","10.20.3.19","10.20.2.22","TCP","66","[TCP Retransmission] 53095  >  7680 [SYN] Seq=0 Win=64240 Len=0 MSS=1460 WS=256 SACK_PERM=1"
"58531","187.966279448","10.20.3.19","10.20.2.9","TCP","66","[TCP Retransmission] 53101  >  7680 [SYN] Seq=0 Win=64240 Len=0 MSS=1460 WS=256 SACK_PERM=1"
"58532","187.966279560","10.20.3.19","10.20.58.139","TCP","66","[TCP Retransmission] 53104  >  7680 [SYN] Seq=0 Win=64240 Len=0 MSS=1460 WS=256 SACK_PERM=1"
"59550","191.136455817","10.20.13.1","104.26.6.95","TLSv1.2","133","Application Data"
"59551","191.154907341","104.26.6.95","10.20.13.1","TCP","66","443  >  37218 [ACK] Seq=12050 Ack=2006 Win=9 Len=0 TSval=1721989240 TSecr=4219206617"
"59717","191.478482794","104.26.6.95","10.20.13.1","TLSv1.2","522","Application Data"
"59718","191.486135764","104.26.6.95","10.20.13.1","TLSv1.2","188","Application Data"
"59719","191.486136871","104.26.6.95","10.20.13.1","TLSv1.2","97","Application Data"
"59720","191.486284124","10.20.13.1","104.26.6.95","TCP","66","37218  >  443 [ACK] Seq=2006 Ack=12659 Win=501 Len=0 TSval=4219206967 TSecr=1721989563"
"59721","191.487055918","10.20.13.1","104.26.6.95","TLSv1.2","101","Application Data"
"59728","191.506087991","104.26.6.95","10.20.13.1","TCP","66","443  >  37218 [ACK] Seq=12659 Ack=2041 Win=9 Len=0 TSval=1721989591 TSecr=4219206967"
"62924","201.138137499","10.20.13.1","104.26.6.95","TLSv1.2","133","Application Data"
"62937","201.160522577","104.26.6.95","10.20.13.1","TCP","66","443  >  37218 [ACK] Seq=12659 Ack=2108 Win=9 Len=0 TSval=1721999242 TSecr=4219216619"
"63005","201.487138968","104.26.6.95","10.20.13.1","TLSv1.2","526","Application Data"
"63006","201.488810271","104.26.6.95","10.20.13.1","TLSv1.2","188","Application Data"
"63007","201.488810484","104.26.6.95","10.20.13.1","TLSv1.2","97","Application Data"
"63008","201.488895457","10.20.13.1","104.26.6.95","TCP","66","37218  >  443 [ACK] Seq=2108 Ack=13272 Win=501 Len=0 TSval=4219216969 TSecr=1721999572"
"63010","201.489533137","10.20.13.1","104.26.6.95","TLSv1.2","101","Application Data"
"63023","201.511680538","104.26.6.95","10.20.13.1","TCP","66","443  >  37218 [ACK] Seq=13272 Ack=2143 Win=9 Len=0 TSval=1721999593 TSecr=4219216970"
"65770","211.144637079","10.20.13.1","104.26.6.95","TLSv1.2","133","Application Data"
"65777","211.163438214","104.26.6.95","10.20.13.1","TCP","66","443  >  37218 [ACK] Seq=13272 Ack=2210 Win=9 Len=0 TSval=1722009248 TSecr=4219226625"
"65889","211.469365066","104.26.6.95","10.20.13.1","TLSv1.2","521","Application Data"
"65890","211.470240745","104.26.6.95","10.20.13.1","TLSv1.2","188","Application Data"
"65891","211.470516310","10.20.13.1","104.26.6.95","TCP","66","37218  >  443 [ACK] Seq=2210 Ack=13849 Win=501 Len=0 TSval=4219226951 TSecr=1722009554"
"65892","211.470618934","104.26.6.95","10.20.13.1","TLSv1.2","97","Application Data"
"65893","211.470961247","10.20.13.1","104.26.6.95","TLSv1.2","101","Application Data"
"65896","211.490787403","104.26.6.95","10.20.13.1","TCP","66","443  >  37218 [ACK] Seq=13880 Ack=2245 Win=9 Len=0 TSval=1722009575 TSecr=4219226951"
"66579","213.460797212","10.20.13.1","104.97.76.219","TCP","66","[TCP Keep-Alive] 39040  >  443 [ACK] Seq=2691 Ack=974 Win=64128 Len=0 TSval=3324742234 TSecr=1024532313"
"66585","213.474249428","104.97.76.219","10.20.13.1","TCP","66","[TCP Keep-Alive ACK] 443  >  39040 [ACK] Seq=974 Ack=2692 Win=64128 Len=0 TSval=1024577369 TSecr=3324607106"
"68934","221.148062795","10.20.13.1","104.26.6.95","TLSv1.2","133","Application Data"
"68939","221.167005390","104.26.6.95","10.20.13.1","TCP","66","443  >  37218 [ACK] Seq=13880 Ack=2312 Win=9 Len=0 TSval=1722019252 TSecr=4219236628"
"69020","221.500878680","104.26.6.95","10.20.13.1","TLSv1.2","522","Application Data"
"69021","221.500880115","104.26.6.95","10.20.13.1","TLSv1.2","188","Application Data"
"69022","221.500880259","104.26.6.95","10.20.13.1","TLSv1.2","97","Application Data"
"69023","221.501004085","10.20.13.1","104.26.6.95","TCP","66","37218  >  443 [ACK] Seq=2312 Ack=14489 Win=501 Len=0 TSval=4219236981 TSecr=1722019585"
"69024","221.503604450","10.20.13.1","104.26.6.95","TLSv1.2","101","Application Data"
"69044","221.522418436","104.26.6.95","10.20.13.1","TCP","66","443  >  37218 [ACK] Seq=14489 Ack=2347 Win=9 Len=0 TSval=1722019607 TSecr=4219236984"
"70369","226.516858274","10.20.13.1","35.190.80.1","TCP","66","[TCP Keep-Alive] 51050  >  443 [ACK] Seq=1190 Ack=481 Win=501 Len=0 TSval=2029310279 TSecr=617338480"
"70377","226.535490175","35.190.80.1","10.20.13.1","TCP","66","[TCP Keep-Alive ACK] 443  >  51050 [ACK] Seq=481 Ack=1191 Win=1042 Len=0 TSval=617383555 TSecr=2029265205"
"71648","231.151224056","10.20.13.1","104.26.6.95","TLSv1.2","133","Application Data"
"71655","231.176479548","104.26.6.95","10.20.13.1","TCP","66","443  >  37218 [ACK] Seq=14489 Ack=2414 Win=9 Len=0 TSval=1722029255 TSecr=4219246632"
"71734","231.480745594","104.26.6.95","10.20.13.1","TLSv1.2","676","Application Data"
"71735","231.482114848","104.26.6.95","10.20.13.1","TLSv1.2","188","Application Data"
"71736","231.482115739","104.26.6.95","10.20.13.1","TLSv1.2","97","Application Data"
"71742","231.483480658","10.20.13.1","104.26.6.95","TCP","66","37218  >  443 [ACK] Seq=2414 Ack=15252 Win=501 Len=0 TSval=4219246964 TSecr=1722029566"
"71744","231.484145390","10.20.13.1","104.26.6.95","TLSv1.2","101","Application Data"
"71755","231.502623463","104.26.6.95","10.20.13.1","TCP","66","443  >  37218 [ACK] Seq=15252 Ack=2449 Win=9 Len=0 TSval=1722029588 TSecr=4219246965"
"72172","233.001031680","10.20.42.30","10.20.42.29","TCP","66","30066  >  7680 [SYN] Seq=0 Win=65535 Len=0 MSS=1460 WS=256 SACK_PERM=1"
"72428","233.988165214","10.20.42.30","10.20.42.29","TCP","66","[TCP Retransmission] 30066  >  7680 [SYN] Seq=0 Win=65535 Len=0 MSS=1460 WS=256 SACK_PERM=1"
"73070","236.007027452","10.20.42.30","10.20.42.29","TCP","66","[TCP Retransmission] 30066  >  7680 [SYN] Seq=0 Win=65535 Len=0 MSS=1460 WS=256 SACK_PERM=1"
"74273","240.001908166","10.20.42.30","10.20.42.29","TCP","66","[TCP Retransmission] 30066  >  7680 [SYN] Seq=0 Win=65535 Len=0 MSS=1460 WS=256 SACK_PERM=1"
"74617","241.154356278","10.20.13.1","104.26.6.95","TLSv1.2","133","Application Data"
"74629","241.162299455","10.20.13.1","35.190.80.1","TLSv1.2","251","Application Data"
"74630","241.162383989","10.20.13.1","35.190.80.1","TLSv1.2","105","Application Data"
"74631","241.172890232","104.26.6.95","10.20.13.1","TCP","66","443  >  37218 [ACK] Seq=15252 Ack=2516 Win=9 Len=0 TSval=1722039258 TSecr=4219256635"
"74634","241.175185911","35.190.80.1","10.20.13.1","TCP","66","443  >  51050 [ACK] Seq=481 Ack=1415 Win=1042 Len=0 TSval=617398200 TSecr=2029324925"
"74635","241.175186616","35.190.80.1","10.20.13.1","TLSv1.2","105","Application Data"
"74636","241.175219974","10.20.13.1","35.190.80.1","TCP","66","51050  >  443 [ACK] Seq=1415 Ack=520 Win=501 Len=0 TSval=2029324938 TSecr=617398200"
"74717","241.441371432","35.190.80.1","10.20.13.1","TLSv1.2","147","Application Data"
"74718","241.441410093","10.20.13.1","35.190.80.1","TCP","66","51050  >  443 [ACK] Seq=1415 Ack=601 Win=501 Len=0 TSval=2029325204 TSecr=617398466"
"74719","241.442152857","10.20.13.1","35.190.80.1","TLSv1.2","105","Application Data"
"74720","241.442238719","10.20.13.1","35.190.80.1","TLSv1.2","101","Application Data"
"74728","241.455192184","35.190.80.1","10.20.13.1","TCP","66","443  >  51050 [ACK] Seq=601 Ack=1489 Win=1042 Len=0 TSval=617398480 TSecr=2029325205"
"74744","241.480194287","104.26.6.95","10.20.13.1","TLSv1.2","524","Application Data"
"74750","241.487203942","104.26.6.95","10.20.13.1","TLSv1.2","188","Application Data"
"74751","241.487205080","104.26.6.95","10.20.13.1","TLSv1.2","97","Application Data"
"74752","241.487355010","10.20.13.1","104.26.6.95","TCP","66","37218  >  443 [ACK] Seq=2516 Ack=15863 Win=501 Len=0 TSval=4219256968 TSecr=1722039565"
"74753","241.488119694","10.20.13.1","104.26.6.95","TLSv1.2","101","Application Data"
"74766","241.506564419","104.26.6.95","10.20.13.1","TCP","66","443  >  37218 [ACK] Seq=15863 Ack=2551 Win=9 Len=0 TSval=1722039592 TSecr=4219256969"
"75461","243.520418153","52.98.123.242","10.20.53.72","TCP","60","443  >  63504 [RST, ACK] Seq=1 Ack=1 Win=0 Len=0"
"77785","251.157672009","10.20.13.1","104.26.6.95","TLSv1.2","133","Application Data"
"77797","251.176175991","104.26.6.95","10.20.13.1","TCP","66","443  >  37218 [ACK] Seq=15863 Ack=2618 Win=9 Len=0 TSval=1722049261 TSecr=4219266638"
"77872","251.503535711","104.26.6.95","10.20.13.1","TLSv1.2","529","Application Data"
"77873","251.504980568","104.26.6.95","10.20.13.1","TLSv1.2","188","Application Data"
"77874","251.504981328","104.26.6.95","10.20.13.1","TLSv1.2","97","Application Data"
"77875","251.506136897","10.20.13.1","104.26.6.95","TCP","66","37218  >  443 [ACK] Seq=2618 Ack=16479 Win=501 Len=0 TSval=4219266987 TSecr=1722049585"
"77876","251.506781926","10.20.13.1","104.26.6.95","TLSv1.2","101","Application Data"
"77883","251.525799490","104.26.6.95","10.20.13.1","TCP","66","443  >  37218 [ACK] Seq=16479 Ack=2653 Win=9 Len=0 TSval=1722049610 TSecr=4219266987"
"79864","258.516795556","10.20.13.1","104.97.76.219","TCP","66","[TCP Keep-Alive] 39040  >  443 [ACK] Seq=2691 Ack=974 Win=64128 Len=0 TSval=3324787290 TSecr=1024577369"
"79866","258.529491470","104.97.76.219","10.20.13.1","TCP","66","[TCP Keep-Alive ACK] 443  >  39040 [ACK] Seq=974 Ack=2692 Win=64128 Len=0 TSval=1024622425 TSecr=3324607106"
"80549","261.161054140","10.20.13.1","104.26.6.95","TLSv1.2","133","Application Data"
"80560","261.181094455","104.26.6.95","10.20.13.1","TCP","66","443  >  37218 [ACK] Seq=16479 Ack=2720 Win=9 Len=0 TSval=1722059265 TSecr=4219276641"
"80617","261.500260305","104.26.6.95","10.20.13.1","TLSv1.2","520","Application Data"
"80619","261.506395158","104.26.6.95","10.20.13.1","TLSv1.2","188","Application Data"
"80620","261.506395732","104.26.6.95","10.20.13.1","TLSv1.2","97","Application Data"
"80621","261.506461932","10.20.13.1","104.26.6.95","TCP","66","37218  >  443 [ACK] Seq=2720 Ack=17086 Win=501 Len=0 TSval=4219276987 TSecr=1722059585"
"80622","261.506710330","10.20.13.1","104.26.6.95","TLSv1.2","101","Application Data"
"80637","261.525267033","104.26.6.95","10.20.13.1","TCP","66","443  >  37218 [ACK] Seq=17086 Ack=2755 Win=9 Len=0 TSval=1722059610 TSecr=4219276987"
"83411","271.163645332","10.20.13.1","104.26.6.95","TLSv1.2","133","Application Data"
"83412","271.182191528","104.26.6.95","10.20.13.1","TCP","66","443  >  37218 [ACK] Seq=17086 Ack=2822 Win=9 Len=0 TSval=1722069267 TSecr=4219286644"
"83490","271.504354536","104.26.6.95","10.20.13.1","TLSv1.2","518","Application Data"
"83491","271.505513904","104.26.6.95","10.20.13.1","TLSv1.2","188","Application Data"
"83492","271.505514681","104.26.6.95","10.20.13.1","TLSv1.2","97","Application Data"
"83493","271.506973528","10.20.13.1","104.26.6.95","TCP","66","37218  >  443 [ACK] Seq=2822 Ack=17691 Win=501 Len=0 TSval=4219286987 TSecr=1722069589"
"83494","271.507582729","10.20.13.1","104.26.6.95","TLSv1.2","101","Application Data"
"83496","271.527133501","104.26.6.95","10.20.13.1","TCP","66","443  >  37218 [ACK] Seq=17691 Ack=2857 Win=9 Len=0 TSval=1722069611 TSecr=4219286988"
"86807","281.166232954","10.20.13.1","104.26.6.95","TLSv1.2","133","Application Data"
"86817","281.184718746","104.26.6.95","10.20.13.1","TCP","66","443  >  37218 [ACK] Seq=17691 Ack=2924 Win=9 Len=0 TSval=1722079270 TSecr=4219296647"
"86931","281.517795890","104.26.6.95","10.20.13.1","TLSv1.2","521","Application Data"
"86936","281.526074684","104.26.6.95","10.20.13.1","TLSv1.2","188","Application Data"
"86937","281.526075790","104.26.6.95","10.20.13.1","TLSv1.2","97","Application Data"
"86938","281.526226461","10.20.13.1","104.26.6.95","TCP","66","37218  >  443 [ACK] Seq=2924 Ack=18299 Win=501 Len=0 TSval=4219297007 TSecr=1722079602"
"86939","281.526990950","10.20.13.1","104.26.6.95","TLSv1.2","101","Application Data"
"86957","281.545485084","104.26.6.95","10.20.13.1","TCP","66","443  >  37218 [ACK] Seq=18299 Ack=2959 Win=9 Len=0 TSval=1722079630 TSecr=4219297007"
"87387","282.988315845","10.20.13.1","185.125.190.17","TCP","74","59932  >  80 [SYN] Seq=0 Win=64240 Len=0 MSS=1460 SACK_PERM=1 TSval=1687885597 TSecr=0 WS=128"
"87457","283.194364473","185.125.190.17","10.20.13.1","TCP","74","80  >  59932 [SYN, ACK] Seq=0 Ack=1 Win=65160 Len=0 MSS=1460 SACK_PERM=1 TSval=3372300802 TSecr=1687885597 WS=16384"
"87458","283.194420010","10.20.13.1","185.125.190.17","TCP","66","59932  >  80 [ACK] Seq=1 Ack=1 Win=64256 Len=0 TSval=1687885803 TSecr=3372300802"
"87459","283.194550416","10.20.13.1","185.125.190.17","HTTP","153","GET / HTTP/1.1 "
"87460","283.194832063","185.125.190.17","10.20.13.1","TCP","60","80  >  59932 [ACK] Seq=1 Ack=88 Win=49152 Len=0"
"87497","283.401609193","185.125.190.17","10.20.13.1","HTTP","255","HTTP/1.1 204 No Content "
"87498","283.401610350","185.125.190.17","10.20.13.1","TCP","66","80  >  59932 [FIN, ACK] Seq=190 Ack=88 Win=65536 Len=0 TSval=3372301009 TSecr=1687885803"
"87499","283.401654270","10.20.13.1","185.125.190.17","TCP","66","59932  >  80 [ACK] Seq=88 Ack=190 Win=64128 Len=0 TSval=1687886010 TSecr=3372301009"
"87500","283.401808996","10.20.13.1","185.125.190.17","TCP","66","59932  >  80 [FIN, ACK] Seq=88 Ack=191 Win=64128 Len=0 TSval=1687886010 TSecr=3372301009"
"87574","283.607254038","185.125.190.17","10.20.13.1","TCP","66","80  >  59932 [ACK] Seq=191 Ack=89 Win=65536 Len=0 TSval=3372301215 TSecr=1687886010"
"88615","286.676874782","10.20.13.1","35.190.80.1","TCP","66","[TCP Keep-Alive] 51050  >  443 [ACK] Seq=1488 Ack=601 Win=501 Len=0 TSval=2029370439 TSecr=617398480"
"88625","286.689623480","35.190.80.1","10.20.13.1","TCP","66","[TCP Keep-Alive ACK] 443  >  51050 [ACK] Seq=601 Ack=1489 Win=1042 Len=0 TSval=617443714 TSecr=2029325205"
"90033","291.168435700","10.20.13.1","104.26.6.95","TLSv1.2","133","Application Data"
"90040","291.187989976","104.26.6.95","10.20.13.1","TCP","66","443  >  37218 [ACK] Seq=18299 Ack=3026 Win=9 Len=0 TSval=1722089272 TSecr=4219306649"
"90148","291.492118018","104.26.6.95","10.20.13.1","TLSv1.2","678","Application Data"
"90149","291.492930443","104.26.6.95","10.20.13.1","TLSv1.2","188","Application Data"
"90150","291.492982306","104.26.6.95","10.20.13.1","TLSv1.2","97","Application Data"
"90151","291.493013667","10.20.13.1","104.26.6.95","TCP","66","37218  >  443 [ACK] Seq=3026 Ack=19064 Win=501 Len=0 TSval=4219306973 TSecr=1722089577"
"90152","291.494846809","10.20.13.1","104.26.6.95","TLSv1.2","101","Application Data"
"90155","291.513545743","104.26.6.95","10.20.13.1","TCP","66","443  >  37218 [ACK] Seq=19064 Ack=3061 Win=9 Len=0 TSval=1722089598 TSecr=4219306975"
"93044","301.164312681","10.20.13.1","35.190.80.1","TLSv1.2","254","Application Data"
"93045","301.164372699","10.20.13.1","35.190.80.1","TLSv1.2","105","Application Data"
"93052","301.167717626","10.20.13.1","104.26.6.95","TLSv1.2","133","Application Data"
"93058","301.177359825","35.190.80.1","10.20.13.1","TCP","66","443  >  51050 [ACK] Seq=601 Ack=1716 Win=1042 Len=0 TSval=617458202 TSecr=2029384927"
"93059","301.177359996","35.190.80.1","10.20.13.1","TLSv1.2","105","Application Data"
"93061","301.186201467","104.26.6.95","10.20.13.1","TCP","66","443  >  37218 [ACK] Seq=19064 Ack=3128 Win=9 Len=0 TSval=1722099271 TSecr=4219316648"
"93065","301.220818166","10.20.13.1","35.190.80.1","TCP","66","51050  >  443 [ACK] Seq=1716 Ack=640 Win=501 Len=0 TSval=2029384983 TSecr=617458202"
"93151","301.447790142","35.190.80.1","10.20.13.1","TLSv1.2","147","Application Data"
"93152","301.447835249","10.20.13.1","35.190.80.1","TCP","66","51050  >  443 [ACK] Seq=1716 Ack=721 Win=501 Len=0 TSval=2029385210 TSecr=617458467"
"93153","301.448589166","10.20.13.1","35.190.80.1","TLSv1.2","105","Application Data"
"93154","301.448631677","10.20.13.1","35.190.80.1","TLSv1.2","101","Application Data"
"93160","301.469876375","35.190.80.1","10.20.13.1","TCP","66","443  >  51050 [ACK] Seq=721 Ack=1790 Win=1042 Len=0 TSval=617458486 TSecr=2029385211"
"93177","301.511748320","104.26.6.95","10.20.13.1","TLSv1.2","524","Application Data"
"93178","301.511749484","104.26.6.95","10.20.13.1","TLSv1.2","188","Application Data"
"93179","301.511749617","104.26.6.95","10.20.13.1","TLSv1.2","97","Application Data"
"93180","301.511875941","10.20.13.1","104.26.6.95","TCP","66","37218  >  443 [ACK] Seq=3128 Ack=19675 Win=501 Len=0 TSval=4219316992 TSecr=1722099595"
"93182","301.514465391","10.20.13.1","104.26.6.95","TLSv1.2","101","Application Data"
"93188","301.533002713","104.26.6.95","10.20.13.1","TCP","66","443  >  37218 [ACK] Seq=19675 Ack=3163 Win=9 Len=0 TSval=1722099618 TSecr=4219316995"
"93699","303.572861040","10.20.13.1","104.97.76.219","TCP","66","[TCP Keep-Alive] 39040  >  443 [ACK] Seq=2691 Ack=974 Win=64128 Len=0 TSval=3324832346 TSecr=1024622425"
"93706","303.584896372","104.97.76.219","10.20.13.1","TCP","66","[TCP Keep-Alive ACK] 443  >  39040 [ACK] Seq=974 Ack=2692 Win=64128 Len=0 TSval=1024667480 TSecr=3324607106"
"95679","311.173349074","10.20.13.1","104.26.6.95","TLSv1.2","133","Application Data"
"95691","311.191900533","104.26.6.95","10.20.13.1","TCP","66","443  >  37218 [ACK] Seq=19675 Ack=3230 Win=9 Len=0 TSval=1722109277 TSecr=4219326654"
"95800","311.508624688","104.26.6.95","10.20.13.1","TLSv1.2","522","Application Data"
"95801","311.508625440","104.26.6.95","10.20.13.1","TLSv1.2","188","Application Data"
"95802","311.508625558","104.26.6.95","10.20.13.1","TLSv1.2","97","Application Data"
"95803","311.508785991","10.20.13.1","104.26.6.95","TCP","66","37218  >  443 [ACK] Seq=3230 Ack=20284 Win=501 Len=0 TSval=4219326989 TSecr=1722109593"
"95805","311.511353021","10.20.13.1","104.26.6.95","TLSv1.2","101","Application Data"
"95807","311.530002900","104.26.6.95","10.20.13.1","TCP","66","443  >  37218 [ACK] Seq=20284 Ack=3265 Win=9 Len=0 TSval=1722109615 TSecr=4219326992"
"98845","321.176655826","10.20.13.1","104.26.6.95","TLSv1.2","133","Application Data"
"98861","321.196516220","104.26.6.95","10.20.13.1","TCP","66","443  >  37218 [ACK] Seq=20284 Ack=3332 Win=9 Len=0 TSval=1722119280 TSecr=4219336657"
"98943","321.502952862","104.26.6.95","10.20.13.1","TLSv1.2","521","Application Data"
"98944","321.503601187","104.26.6.95","10.20.13.1","TLSv1.2","188","Application Data"
"98945","321.503700614","10.20.13.1","104.26.6.95","TCP","66","37218  >  443 [ACK] Seq=3332 Ack=20861 Win=501 Len=0 TSval=4219336984 TSecr=1722119587"
"98946","321.503769419","104.26.6.95","10.20.13.1","TLSv1.2","97","Application Data"
"98947","321.505668970","10.20.13.1","104.26.6.95","TLSv1.2","101","Application Data"
"98959","321.524754403","104.26.6.95","10.20.13.1","TCP","66","443  >  37218 [ACK] Seq=20892 Ack=3367 Win=9 Len=0 TSval=1722119609 TSecr=4219336986"
"99393","322.513998511","23.58.95.136","10.20.59.118","TLSv1.2","78","Application Data"
"99394","322.513999564","23.58.95.136","10.20.59.118","TCP","60","443  >  50052 [FIN, ACK] Seq=25 Ack=1 Win=501 Len=0"
"99417","322.612758031","23.58.95.136","10.20.59.118","TCP","60","[TCP Retransmission] 443  >  50052 [FIN, ACK] Seq=25 Ack=1 Win=501 Len=0"
"99501","322.868016868","23.58.95.136","10.20.59.118","TCP","78","[TCP Retransmission] 443  >  50052 [FIN, PSH, ACK] Seq=1 Ack=1 Win=501 Len=24"
"99663","323.372998663","23.58.95.136","10.20.59.118","TCP","78","[TCP Retransmission] 443  >  50052 [FIN, PSH, ACK] Seq=1 Ack=1 Win=501 Len=24"
"99914","324.372842842","23.58.95.136","10.20.59.118","TCP","78","[TCP Retransmission] 443  >  50052 [FIN, PSH, ACK] Seq=1 Ack=1 Win=501 Len=24"
"100439","326.419771751","23.58.95.136","10.20.59.118","TCP","78","[TCP Retransmission] 443  >  50052 [FIN, PSH, ACK] Seq=1 Ack=1 Win=501 Len=24"
"101644","330.452065685","23.58.95.136","10.20.59.118","TCP","78","[TCP Retransmission] 443  >  50052 [FIN, PSH, ACK] Seq=1 Ack=1 Win=501 Len=24"
"101878","331.179084187","10.20.13.1","104.26.6.95","TLSv1.2","133","Application Data"
"101883","331.197665436","104.26.6.95","10.20.13.1","TCP","66","443  >  37218 [ACK] Seq=20892 Ack=3434 Win=9 Len=0 TSval=1722129282 TSecr=4219346660"
"102006","331.519568121","104.26.6.95","10.20.13.1","TLSv1.2","527","Application Data"
"102007","331.520025203","104.26.6.95","10.20.13.1","TLSv1.2","188","Application Data"
"102008","331.520077166","104.26.6.95","10.20.13.1","TLSv1.2","97","Application Data"
"102009","331.520287893","10.20.13.1","104.26.6.95","TCP","66","37218  >  443 [ACK] Seq=3434 Ack=21506 Win=501 Len=0 TSval=4219347001 TSecr=1722129604"
"102010","331.522198869","10.20.13.1","104.26.6.95","TLSv1.2","101","Application Data"
"102030","331.540637170","104.26.6.95","10.20.13.1","TCP","66","443  >  37218 [ACK] Seq=21506 Ack=3469 Win=9 Len=0 TSval=1722129625 TSecr=4219347003"
"102321","332.458260591","10.20.13.1","10.20.23.7","TCP","74","40836  >  139 [SYN] Seq=0 Win=64240 Len=0 MSS=1460 SACK_PERM=1 TSval=2205755843 TSecr=0 WS=128"
"102322","332.458468740","10.20.23.7","10.20.13.1","TCP","74","139  >  40836 [SYN, ACK] Seq=0 Ack=1 Win=8192 Len=0 MSS=1460 WS=256 SACK_PERM=1 TSval=60934735 TSecr=2205755843"
"102323","332.458476638","10.20.13.1","10.20.23.7","TCP","66","40836  >  139 [ACK] Seq=1 Ack=1 Win=64256 Len=0 TSval=2205755843 TSecr=60934735"
"102324","332.458492242","10.20.13.1","10.20.23.7","NBSS","138","Session request, to D-309-2-07<20> from                <00>"
"102327","332.458797913","10.20.23.7","10.20.13.1","NBSS","70","Positive session response"
"102328","332.458802099","10.20.13.1","10.20.23.7","TCP","66","40836  >  139 [ACK] Seq=73 Ack=5 Win=64256 Len=0 TSval=2205755843 TSecr=60934735"
"102329","332.458838451","10.20.13.1","10.20.23.7","SMB","132","Negotiate Protocol Request"
"102330","332.460349195","10.20.23.7","10.20.13.1","SMB","432","Negotiate Protocol Response"
"102331","332.460362085","10.20.13.1","10.20.23.7","TCP","66","40836  >  139 [ACK] Seq=139 Ack=371 Win=64128 Len=0 TSval=2205755845 TSecr=60934735"
"102332","332.462605496","10.20.13.1","10.20.23.7","SMB","226","Session Setup AndX Request, NTLMSSP_NEGOTIATE"
"102333","332.463102337","10.20.23.7","10.20.13.1","SMB","414","Session Setup AndX Response, NTLMSSP_CHALLENGE, Error: STATUS_MORE_PROCESSING_REQUIRED"
"102334","332.463114204","10.20.13.1","10.20.23.7","TCP","66","40836  >  139 [ACK] Seq=299 Ack=719 Win=64128 Len=0 TSval=2205755848 TSecr=60934735"
"102335","332.463223340","10.20.13.1","10.20.23.7","SMB","264","Session Setup AndX Request, NTLMSSP_AUTH, User: \\"
"102336","332.464279220","10.20.23.7","10.20.13.1","SMB","204","Session Setup AndX Response"
"102337","332.464284309","10.20.13.1","10.20.23.7","TCP","66","40836  >  139 [ACK] Seq=497 Ack=857 Win=64128 Len=0 TSval=2205755849 TSecr=60934735"
"102338","332.464319628","10.20.13.1","10.20.23.7","SMB","156","Tree Connect AndX Request, Path: \\\\D-309-2-07\\IPC$"
"102339","332.464627358","10.20.23.7","10.20.13.1","SMB","126","Tree Connect AndX Response"
"102340","332.464628950","10.20.13.1","10.20.23.7","TCP","66","40836  >  139 [ACK] Seq=587 Ack=917 Win=64128 Len=0 TSval=2205755849 TSecr=60934735"
"102341","332.464684842","10.20.13.1","10.20.23.7","LANMAN","198","NetServerEnum2 Request, Server, SQL Server, Domain Controller, Backup Controller, Time Source, Apple Server, Novell Server, Domain Member Server, Print Queue Server, Dialin Server, Xenix Server, NT Workstation, Windows for Workgroups, Unknown server type:14, NT Server"
"102342","332.465975700","10.20.23.7","10.20.13.1","LANMAN","269","NetServerEnum2 Response"
"102343","332.465978723","10.20.13.1","10.20.23.7","TCP","66","40836  >  139 [ACK] Seq=719 Ack=1120 Win=64128 Len=0 TSval=2205755850 TSecr=60934735"
"104901","341.181594932","10.20.13.1","104.26.6.95","TLSv1.2","133","Application Data"
"104916","341.200566072","104.26.6.95","10.20.13.1","TCP","66","443  >  37218 [ACK] Seq=21506 Ack=3536 Win=9 Len=0 TSval=1722139285 TSecr=4219356662"
"105029","341.517097897","104.26.6.95","10.20.13.1","TLSv1.2","526","Application Data"
"105030","341.517098953","104.26.6.95","10.20.13.1","TLSv1.2","188","Application Data"
"105031","341.517151282","104.26.6.95","10.20.13.1","TLSv1.2","97","Application Data"
"105032","341.517233573","10.20.13.1","104.26.6.95","TCP","66","37218  >  443 [ACK] Seq=3536 Ack=22119 Win=501 Len=0 TSval=4219356998 TSecr=1722139602"
"105033","341.519204780","10.20.13.1","104.26.6.95","TLSv1.2","101","Application Data"
"105043","341.537867805","104.26.6.95","10.20.13.1","TCP","66","443  >  37218 [ACK] Seq=22119 Ack=3571 Win=9 Len=0 TSval=1722139622 TSecr=4219357000"
"106543","346.581076029","10.20.13.1","35.190.80.1","TCP","66","[TCP Keep-Alive] 51050  >  443 [ACK] Seq=1789 Ack=721 Win=501 Len=0 TSval=2029430343 TSecr=617458486"
"106544","346.594155590","35.190.80.1","10.20.13.1","TCP","66","[TCP Keep-Alive ACK] 443  >  51050 [ACK] Seq=721 Ack=1790 Win=1042 Len=0 TSval=617503618 TSecr=2029385211"
"107146","348.629076248","10.20.13.1","104.97.76.219","TCP","66","[TCP Keep-Alive] 39040  >  443 [ACK] Seq=2691 Ack=974 Win=64128 Len=0 TSval=3324877402 TSecr=1024667480"
"107149","348.641216449","104.97.76.219","10.20.13.1","TCP","66","[TCP Keep-Alive ACK] 443  >  39040 [ACK] Seq=974 Ack=2692 Win=64128 Len=0 TSval=1024712536 TSecr=3324607106"
"107952","351.184374485","10.20.13.1","104.26.6.95","TLSv1.2","133","Application Data"
"107959","351.203708653","104.26.6.95","10.20.13.1","TCP","66","443  >  37218 [ACK] Seq=22119 Ack=3638 Win=9 Len=0 TSval=1722149287 TSecr=4219366665"
"108043","351.522891004","104.26.6.95","10.20.13.1","TLSv1.2","675","Application Data"
"108045","351.523999637","104.26.6.95","10.20.13.1","TLSv1.2","188","Application Data"
"108046","351.524131706","104.26.6.95","10.20.13.1","TLSv1.2","97","Application Data"
"108047","351.525540463","10.20.13.1","104.26.6.95","TCP","66","37218  >  443 [ACK] Seq=3638 Ack=22881 Win=501 Len=0 TSval=4219367006 TSecr=1722149607"
"108048","351.526163904","10.20.13.1","104.26.6.95","TLSv1.2","101","Application Data"
"108061","351.544889365","104.26.6.95","10.20.13.1","TCP","66","443  >  37218 [ACK] Seq=22881 Ack=3673 Win=9 Len=0 TSval=1722149629 TSecr=4219367007"
"111018","361.170246492","10.20.13.1","35.190.80.1","TLSv1.2","250","Application Data"
"111019","361.170330747","10.20.13.1","35.190.80.1","TLSv1.2","105","Application Data"
"111022","361.183527346","35.190.80.1","10.20.13.1","TCP","66","443  >  51050 [ACK] Seq=721 Ack=2013 Win=1042 Len=0 TSval=617518208 TSecr=2029444933"
"111023","361.183528040","35.190.80.1","10.20.13.1","TLSv1.2","105","Application Data"
"111024","361.183560436","10.20.13.1","35.190.80.1","TCP","66","51050  >  443 [ACK] Seq=2013 Ack=760 Win=501 Len=0 TSval=2029444946 TSecr=617518208"
"111025","361.186897920","10.20.13.1","104.26.6.95","TLSv1.2","133","Application Data"
"111027","361.206436601","104.26.6.95","10.20.13.1","TCP","66","443  >  37218 [ACK] Seq=22881 Ack=3740 Win=9 Len=0 TSval=1722159290 TSecr=4219376667"
"111129","361.453091763","35.190.80.1","10.20.13.1","TLSv1.2","147","Application Data"
"111130","361.453134997","10.20.13.1","35.190.80.1","TCP","66","51050  >  443 [ACK] Seq=2013 Ack=841 Win=501 Len=0 TSval=2029445216 TSecr=617518477"
"111131","361.453891058","10.20.13.1","35.190.80.1","TLSv1.2","105","Application Data"
"111132","361.453933373","10.20.13.1","35.190.80.1","TLSv1.2","101","Application Data"
"111138","361.467868443","35.190.80.1","10.20.13.1","TCP","66","443  >  51050 [ACK] Seq=841 Ack=2087 Win=1042 Len=0 TSval=617518491 TSecr=2029445216"
"111151","361.520706528","104.26.6.95","10.20.13.1","TLSv1.2","524","Application Data"
"111157","361.523245950","104.26.6.95","10.20.13.1","TLSv1.2","188","Application Data"
"111158","361.523293350","10.20.13.1","104.26.6.95","TCP","66","37218  >  443 [ACK] Seq=3740 Ack=23461 Win=501 Len=0 TSval=4219377004 TSecr=1722159603"
"111159","361.523430302","104.26.6.95","10.20.13.1","TLSv1.2","97","Application Data"
"111160","361.523825364","10.20.13.1","104.26.6.95","TLSv1.2","101","Application Data"
"111165","361.542329456","104.26.6.95","10.20.13.1","TCP","66","443  >  37218 [ACK] Seq=23492 Ack=3775 Win=9 Len=0 TSval=1722159627 TSecr=4219377004"
"114238","371.190574447","10.20.13.1","104.26.6.95","TLSv1.2","133","Application Data"
"114248","371.209336962","104.26.6.95","10.20.13.1","TCP","66","443  >  37218 [ACK] Seq=23492 Ack=3842 Win=9 Len=0 TSval=1722169293 TSecr=4219386671"
"114340","371.513611196","104.26.6.95","10.20.13.1","TLSv1.2","529","Application Data"
"114341","371.514829319","104.26.6.95","10.20.13.1","TLSv1.2","188","Application Data"
"114342","371.514830065","104.26.6.95","10.20.13.1","TLSv1.2","97","Application Data"
"114347","371.516180440","10.20.13.1","104.26.6.95","TCP","66","37218  >  443 [ACK] Seq=3842 Ack=24108 Win=501 Len=0 TSval=4219386997 TSecr=1722169596"
"114353","371.516856132","10.20.13.1","104.26.6.95","TLSv1.2","101","Application Data"
"114361","371.539563718","104.26.6.95","10.20.13.1","TCP","66","443  >  37218 [ACK] Seq=24108 Ack=3877 Win=9 Len=0 TSval=1722169620 TSecr=4219386997"
"117538","381.192972138","10.20.13.1","104.26.6.95","TLSv1.2","133","Application Data"
"117547","381.212418712","104.26.6.95","10.20.13.1","TCP","66","443  >  37218 [ACK] Seq=24108 Ack=3944 Win=9 Len=0 TSval=1722179296 TSecr=4219396673"
"117645","381.531519250","104.26.6.95","10.20.13.1","TLSv1.2","522","Application Data"
"117646","381.531670142","104.26.6.95","10.20.13.1","TLSv1.2","188","Application Data"
"117647","381.531670842","104.26.6.95","10.20.13.1","TLSv1.2","97","Application Data"
"117648","381.532272020","10.20.13.1","104.26.6.95","TCP","66","37218  >  443 [ACK] Seq=3944 Ack=24717 Win=501 Len=0 TSval=4219397013 TSecr=1722179614"
"117649","381.534240369","10.20.13.1","104.26.6.95","TLSv1.2","101","Application Data"
"117655","381.553989968","104.26.6.95","10.20.13.1","TCP","66","443  >  37218 [ACK] Seq=24717 Ack=3979 Win=9 Len=0 TSval=1722179637 TSecr=4219397015"
"120380","391.196194930","10.20.13.1","104.26.6.95","TLSv1.2","133","Application Data"
"120388","391.215529268","104.26.6.95","10.20.13.1","TCP","66","443  >  37218 [ACK] Seq=24717 Ack=4046 Win=9 Len=0 TSval=1722189299 TSecr=4219406677"
"120476","391.531612110","104.26.6.95","10.20.13.1","TLSv1.2","520","Application Data"
"120477","391.531613246","104.26.6.95","10.20.13.1","TLSv1.2","188","Application Data"
"120478","391.531613367","104.26.6.95","10.20.13.1","TLSv1.2","97","Application Data"
"120479","391.531768971","10.20.13.1","104.26.6.95","TCP","66","37218  >  443 [ACK] Seq=4046 Ack=25324 Win=501 Len=0 TSval=4219407012 TSecr=1722189614"
"120484","391.534305716","10.20.13.1","104.26.6.95","TLSv1.2","101","Application Data"
"120488","391.552886361","104.26.6.95","10.20.13.1","TCP","66","443  >  37218 [ACK] Seq=25324 Ack=4081 Win=9 Len=0 TSval=1722189637 TSecr=4219407015"
"121055","393.685116142","10.20.13.1","104.97.76.219","TCP","66","[TCP Keep-Alive] 39040  >  443 [ACK] Seq=2691 Ack=974 Win=64128 Len=0 TSval=3324922459 TSecr=1024712536"
"121067","393.697393043","104.97.76.219","10.20.13.1","TCP","66","[TCP Keep-Alive ACK] 443  >  39040 [ACK] Seq=974 Ack=2692 Win=64128 Len=0 TSval=1024757592 TSecr=3324607106"
"123651","401.198850500","10.20.13.1","104.26.6.95","TLSv1.2","133","Application Data"
"123657","401.217543744","104.26.6.95","10.20.13.1","TCP","66","443  >  37218 [ACK] Seq=25324 Ack=4148 Win=9 Len=0 TSval=1722199301 TSecr=4219416679"
"123785","401.523514381","104.26.6.95","10.20.13.1","TLSv1.2","520","Application Data"
"123787","401.523560829","104.26.6.95","10.20.13.1","TLSv1.2","188","Application Data"
"123788","401.523585766","104.26.6.95","10.20.13.1","TLSv1.2","97","Application Data"
"123789","401.523594675","10.20.13.1","104.26.6.95","TCP","66","37218  >  443 [ACK] Seq=4148 Ack=25931 Win=501 Len=0 TSval=4219417004 TSecr=1722199607"
"123791","401.524456642","10.20.13.1","104.26.6.95","TLSv1.2","101","Application Data"
"123802","401.544057595","104.26.6.95","10.20.13.1","TCP","66","443  >  37218 [ACK] Seq=25931 Ack=4183 Win=9 Len=0 TSval=1722199627 TSecr=4219417005"
"125502","406.484998615","10.20.13.1","35.190.80.1","TCP","66","[TCP Keep-Alive] 51050  >  443 [ACK] Seq=2086 Ack=841 Win=501 Len=0 TSval=2029490247 TSecr=617518491"
"125506","406.501609058","35.190.80.1","10.20.13.1","TCP","66","[TCP Keep-Alive ACK] 443  >  51050 [ACK] Seq=841 Ack=2087 Win=1042 Len=0 TSval=617563522 TSecr=2029445216"
"126885","411.204539434","10.20.13.1","104.26.6.95","TLSv1.2","133","Application Data"
"126889","411.224141925","104.26.6.95","10.20.13.1","TCP","66","443  >  37218 [ACK] Seq=25931 Ack=4250 Win=9 Len=0 TSval=1722209307 TSecr=4219426685"
"126989","411.532903708","104.26.6.95","10.20.13.1","TLSv1.2","678","Application Data"
"126990","411.533944850","104.26.6.95","10.20.13.1","TLSv1.2","188","Application Data"
"126991","411.533982706","10.20.13.1","104.26.6.95","TCP","66","37218  >  443 [ACK] Seq=4250 Ack=26665 Win=501 Len=0 TSval=4219427014 TSecr=1722209617"
"126992","411.533990880","104.26.6.95","10.20.13.1","TLSv1.2","97","Application Data"
"126993","411.534224019","10.20.13.1","104.26.6.95","TLSv1.2","101","Application Data"
"126994","411.553030651","104.26.6.95","10.20.13.1","TCP","66","443  >  37218 [ACK] Seq=26696 Ack=4285 Win=9 Len=0 TSval=1722209637 TSecr=4219427015"
"130004","421.171711551","10.20.13.1","35.190.80.1","TLSv1.2","253","Application Data"
"130005","421.171763522","10.20.13.1","35.190.80.1","TLSv1.2","105","Application Data"
"130008","421.184897121","35.190.80.1","10.20.13.1","TCP","66","443  >  51050 [ACK] Seq=841 Ack=2313 Win=1042 Len=0 TSval=617578209 TSecr=2029504934"
"130009","421.184897739","35.190.80.1","10.20.13.1","TLSv1.2","105","Application Data"
"130010","421.184911371","10.20.13.1","35.190.80.1","TCP","66","51050  >  443 [ACK] Seq=2313 Ack=880 Win=501 Len=0 TSval=2029504947 TSecr=617578209"
"130016","421.203183188","10.20.13.1","104.26.6.95","TLSv1.2","133","Application Data"
"130023","421.222939481","104.26.6.95","10.20.13.1","TCP","66","443  >  37218 [ACK] Seq=26696 Ack=4352 Win=9 Len=0 TSval=1722219306 TSecr=4219436684"
"130085","421.451445462","35.190.80.1","10.20.13.1","TLSv1.2","147","Application Data"
"130086","421.451491278","10.20.13.1","35.190.80.1","TCP","66","51050  >  443 [ACK] Seq=2313 Ack=961 Win=501 Len=0 TSval=2029505214 TSecr=617578474"
"130087","421.452453420","10.20.13.1","35.190.80.1","TLSv1.2","105","Application Data"
"130088","421.452495444","10.20.13.1","35.190.80.1","TLSv1.2","101","Application Data"
"130098","421.465186951","35.190.80.1","10.20.13.1","TCP","66","443  >  51050 [ACK] Seq=961 Ack=2387 Win=1042 Len=0 TSval=617578489 TSecr=2029505215"
"130125","421.538696312","104.26.6.95","10.20.13.1","TLSv1.2","521","Application Data"
"130128","421.539395100","104.26.6.95","10.20.13.1","TLSv1.2","188","Application Data"
"130129","421.539540490","104.26.6.95","10.20.13.1","TLSv1.2","97","Application Data"
"130130","421.539580351","10.20.13.1","104.26.6.95","TCP","66","37218  >  443 [ACK] Seq=4352 Ack=27304 Win=501 Len=0 TSval=4219437020 TSecr=1722219622"
"130131","421.539844592","10.20.13.1","104.26.6.95","TLSv1.2","101","Application Data"
"130140","421.559460874","104.26.6.95","10.20.13.1","TCP","66","443  >  37218 [ACK] Seq=27304 Ack=4387 Win=9 Len=0 TSval=1722219642 TSecr=4219437020"
"132889","431.209619874","10.20.13.1","104.26.6.95","TLSv1.2","133","Application Data"
"132901","431.236150110","104.26.6.95","10.20.13.1","TCP","66","443  >  37218 [ACK] Seq=27304 Ack=4454 Win=9 Len=0 TSval=1722229312 TSecr=4219446690"
"132990","431.554323720","104.26.6.95","10.20.13.1","TLSv1.2","524","Application Data"
"132991","431.554324862","104.26.6.95","10.20.13.1","TLSv1.2","188","Application Data"
"132992","431.554368045","104.26.6.95","10.20.13.1","TLSv1.2","97","Application Data"
"132993","431.554449046","10.20.13.1","104.26.6.95","TCP","66","37218  >  443 [ACK] Seq=4454 Ack=27915 Win=501 Len=0 TSval=4219447035 TSecr=1722229638"
"132994","431.556971398","10.20.13.1","104.26.6.95","TLSv1.2","101","Application Data"
"132996","431.575884781","104.26.6.95","10.20.13.1","TCP","66","443  >  37218 [ACK] Seq=27915 Ack=4489 Win=9 Len=0 TSval=1722229659 TSecr=4219447037"
"135029","438.741074859","10.20.13.1","104.97.76.219","TCP","66","[TCP Keep-Alive] 39040  >  443 [ACK] Seq=2691 Ack=974 Win=64128 Len=0 TSval=3324967514 TSecr=1024757592"
"135032","438.753085730","104.97.76.219","10.20.13.1","TCP","66","[TCP Keep-Alive ACK] 443  >  39040 [ACK] Seq=974 Ack=2692 Win=64128 Len=0 TSval=1024802648 TSecr=3324607106"
"135668","441.208624520","10.20.13.1","104.26.6.95","TLSv1.2","133","Application Data"
"135672","441.227333529","104.26.6.95","10.20.13.1","TCP","66","443  >  37218 [ACK] Seq=27915 Ack=4556 Win=9 Len=0 TSval=1722239311 TSecr=4219456689"
"135763","441.548101080","104.26.6.95","10.20.13.1","TLSv1.2","521","Application Data"
"135764","441.548102700","104.26.6.95","10.20.13.1","TLSv1.2","188","Application Data"
"135765","441.548102818","104.26.6.95","10.20.13.1","TLSv1.2","97","Application Data"
"135766","441.548253348","10.20.13.1","104.26.6.95","TCP","66","37218  >  443 [ACK] Seq=4556 Ack=28523 Win=501 Len=0 TSval=4219457029 TSecr=1722239631"
"135767","441.550874683","10.20.13.1","104.26.6.95","TLSv1.2","101","Application Data"
"135768","441.570603789","104.26.6.95","10.20.13.1","TCP","66","443  >  37218 [ACK] Seq=28523 Ack=4591 Win=9 Len=0 TSval=1722239653 TSecr=4219457031"
"138542","451.209591918","10.20.13.1","104.26.6.95","TLSv1.2","133","Application Data"
"138557","451.228225135","104.26.6.95","10.20.13.1","TCP","66","443  >  37218 [ACK] Seq=28523 Ack=4658 Win=9 Len=0 TSval=1722249312 TSecr=4219466690"
"138641","451.543590145","104.26.6.95","10.20.13.1","TLSv1.2","521","Application Data"
"138642","451.543643901","104.26.6.95","10.20.13.1","TLSv1.2","188","Application Data"
"138643","451.543644088","104.26.6.95","10.20.13.1","TLSv1.2","97","Application Data"
"138644","451.543725938","10.20.13.1","104.26.6.95","TCP","66","37218  >  443 [ACK] Seq=4658 Ack=29131 Win=501 Len=0 TSval=4219467024 TSecr=1722249626"
"138645","451.546286090","10.20.13.1","104.26.6.95","TLSv1.2","101","Application Data"
"138648","451.565098248","104.26.6.95","10.20.13.1","TCP","66","443  >  37218 [ACK] Seq=29131 Ack=4693 Win=9 Len=0 TSval=1722249649 TSecr=4219467027"
"138936","452.464908952","10.20.23.7","10.20.13.1","TCP","60","[TCP Keep-Alive] 139  >  40836 [ACK] Seq=1119 Ack=719 Win=65792 Len=1"
"138937","452.464937587","10.20.13.1","10.20.23.7","TCP","78","[TCP Keep-Alive ACK] 40836  >  139 [ACK] Seq=719 Ack=1120 Win=64128 Len=0 TSval=2205875849 TSecr=60934735 SLE=1119 SRE=1120"
"141367","461.216076915","10.20.13.1","104.26.6.95","TLSv1.2","133","Application Data"
"141378","461.235960536","104.26.6.95","10.20.13.1","TCP","66","443  >  37218 [ACK] Seq=29131 Ack=4760 Win=9 Len=0 TSval=1722259318 TSecr=4219476696"
"141479","461.548986526","104.26.6.95","10.20.13.1","TLSv1.2","522","Application Data"
"141480","461.548987703","104.26.6.95","10.20.13.1","TLSv1.2","188","Application Data"
"141481","461.548987821","104.26.6.95","10.20.13.1","TLSv1.2","97","Application Data"
"141482","461.549096584","10.20.13.1","104.26.6.95","TCP","66","37218  >  443 [ACK] Seq=4760 Ack=29740 Win=501 Len=0 TSval=4219477030 TSecr=1722259632"
"141483","461.551628556","10.20.13.1","104.26.6.95","TLSv1.2","101","Application Data"
"141484","461.571036914","104.26.6.95","10.20.13.1","TCP","66","443  >  37218 [ACK] Seq=29740 Ack=4795 Win=9 Len=0 TSval=1722259654 TSecr=4219477032"
"142784","466.645093945","10.20.13.1","35.190.80.1","TCP","66","[TCP Keep-Alive] 51050  >  443 [ACK] Seq=2386 Ack=961 Win=501 Len=0 TSval=2029550408 TSecr=617578489"
"142789","466.659000682","35.190.80.1","10.20.13.1","TCP","66","[TCP Keep-Alive ACK] 443  >  51050 [ACK] Seq=961 Ack=2387 Win=1042 Len=0 TSval=617623681 TSecr=2029505215"
"143872","471.219340412","10.20.13.1","104.26.6.95","TLSv1.2","133","Application Data"
"143904","471.237937689","104.26.6.95","10.20.13.1","TCP","66","443  >  37218 [ACK] Seq=29740 Ack=4862 Win=9 Len=0 TSval=1722269321 TSecr=4219486700"
"143986","471.575132224","104.26.6.95","10.20.13.1","TLSv1.2","674","Application Data"
"143987","471.576147232","104.26.6.95","10.20.13.1","TLSv1.2","188","Application Data"
"143988","471.576160964","104.26.6.95","10.20.13.1","TLSv1.2","97","Application Data"
"143989","471.576168896","10.20.13.1","104.26.6.95","TCP","66","37218  >  443 [ACK] Seq=4862 Ack=30501 Win=501 Len=0 TSval=4219487057 TSecr=1722269659"
"143990","471.576386212","10.20.13.1","104.26.6.95","TLSv1.2","101","Application Data"
"143992","471.594824455","104.26.6.95","10.20.13.1","TCP","66","443  >  37218 [ACK] Seq=30501 Ack=4897 Win=9 Len=0 TSval=1722269678 TSecr=4219487057"
"146266","481.175330809","10.20.13.1","35.190.80.1","TLSv1.2","250","Application Data"
"146267","481.175352403","10.20.13.1","35.190.80.1","TLSv1.2","105","Application Data"
"146284","481.188224936","35.190.80.1","10.20.13.1","TCP","66","443  >  51050 [ACK] Seq=961 Ack=2610 Win=1042 Len=0 TSval=617638212 TSecr=2029564938"
"146285","481.188282651","35.190.80.1","10.20.13.1","TLSv1.2","105","Application Data"
"146294","481.217340724","10.20.13.1","104.26.6.95","TLSv1.2","133","Application Data"
"146297","481.228830769","10.20.13.1","35.190.80.1","TCP","66","51050  >  443 [ACK] Seq=2610 Ack=1000 Win=501 Len=0 TSval=2029564991 TSecr=617638212"
"146298","481.236501514","104.26.6.95","10.20.13.1","TCP","66","443  >  37218 [ACK] Seq=30501 Ack=4964 Win=9 Len=0 TSval=1722279319 TSecr=4219496698"
"146361","481.453820428","35.190.80.1","10.20.13.1","TLSv1.2","147","Application Data"
"146362","481.453842780","10.20.13.1","35.190.80.1","TCP","66","51050  >  443 [ACK] Seq=2610 Ack=1081 Win=501 Len=0 TSval=2029565216 TSecr=617638477"
"146363","481.454251046","10.20.13.1","35.190.80.1","TLSv1.2","105","Application Data"
"146364","481.454312202","10.20.13.1","35.190.80.1","TLSv1.2","101","Application Data"
"146370","481.467068379","35.190.80.1","10.20.13.1","TCP","66","443  >  51050 [ACK] Seq=1081 Ack=2684 Win=1042 Len=0 TSval=617638490 TSecr=2029565217"
"146420","481.543405472","104.26.6.95","10.20.13.1","TLSv1.2","524","Application Data"
"146421","481.544481640","104.26.6.95","10.20.13.1","TLSv1.2","188","Application Data"
"146422","481.544527855","104.26.6.95","10.20.13.1","TLSv1.2","97","Application Data"
"146423","481.545995007","10.20.13.1","104.26.6.95","TCP","66","37218  >  443 [ACK] Seq=4964 Ack=31112 Win=501 Len=0 TSval=4219497026 TSecr=1722279627"
"146424","481.546654404","10.20.13.1","104.26.6.95","TLSv1.2","101","Application Data"
"146426","481.565559589","104.26.6.95","10.20.13.1","TCP","66","443  >  37218 [ACK] Seq=31112 Ack=4999 Win=9 Len=0 TSval=1722279649 TSecr=4219497027"
"147082","483.796777105","10.20.13.1","104.97.76.219","TCP","66","[TCP Keep-Alive] 39040  >  443 [ACK] Seq=2691 Ack=974 Win=64128 Len=0 TSval=3325012570 TSecr=1024802648"
"147084","483.808876014","104.97.76.219","10.20.13.1","TCP","66","[TCP Keep-Alive ACK] 443  >  39040 [ACK] Seq=974 Ack=2692 Win=64128 Len=0 TSval=1024847703 TSecr=3324607106"
"149386","491.218422152","10.20.13.1","104.26.6.95","TLSv1.2","133","Application Data"
"149389","491.237092221","104.26.6.95","10.20.13.1","TCP","66","443  >  37218 [ACK] Seq=31112 Ack=5066 Win=9 Len=0 TSval=1722289320 TSecr=4219506699"
"149487","491.551352584","104.26.6.95","10.20.13.1","TLSv1.2","519","Application Data"
"149488","491.551352846","104.26.6.95","10.20.13.1","TLSv1.2","219","Application Data, Application Data"
"149489","491.551513350","10.20.13.1","104.26.6.95","TCP","66","37218  >  443 [ACK] Seq=5066 Ack=31718 Win=501 Len=0 TSval=4219507032 TSecr=1722289635"
"149490","491.554080876","10.20.13.1","104.26.6.95","TLSv1.2","101","Application Data"
"149491","491.572803118","104.26.6.95","10.20.13.1","TCP","66","443  >  37218 [ACK] Seq=31718 Ack=5101 Win=9 Len=0 TSval=1722289656 TSecr=4219507035"
"152313","501.225146827","10.20.13.1","104.26.6.95","TLSv1.2","133","Application Data"
"152316","501.243949754","104.26.6.95","10.20.13.1","TCP","66","443  >  37218 [ACK] Seq=31718 Ack=5168 Win=9 Len=0 TSval=1722299327 TSecr=4219516706"
"152412","501.563771551","104.26.6.95","10.20.13.1","TLSv1.2","523","Application Data"
"152413","501.566750599","104.26.6.95","10.20.13.1","TLSv1.2","188","Application Data"
"152414","501.566751071","104.26.6.95","10.20.13.1","TLSv1.2","97","Application Data"
"152415","501.566792039","10.20.13.1","104.26.6.95","TCP","66","37218  >  443 [ACK] Seq=5168 Ack=32328 Win=501 Len=0 TSval=4219517047 TSecr=1722299647"
"152416","501.567231964","10.20.13.1","104.26.6.95","TLSv1.2","101","Application Data"
"152424","501.585676996","104.26.6.95","10.20.13.1","TCP","66","443  >  37218 [ACK] Seq=32328 Ack=5203 Win=9 Len=0 TSval=1722299669 TSecr=4219517048"
"155372","511.228439514","10.20.13.1","104.26.6.95","TLSv1.2","133","Application Data"
"155376","511.248081886","104.26.6.95","10.20.13.1","TCP","66","443  >  37218 [ACK] Seq=32328 Ack=5270 Win=9 Len=0 TSval=1722309330 TSecr=4219526709"
"155462","511.561120448","104.26.6.95","10.20.13.1","TLSv1.2","525","Application Data"
"155463","511.561121744","104.26.6.95","10.20.13.1","TLSv1.2","188","Application Data"
"155464","511.561121866","104.26.6.95","10.20.13.1","TLSv1.2","97","Application Data"
"155465","511.561251363","10.20.13.1","104.26.6.95","TCP","66","37218  >  443 [ACK] Seq=5270 Ack=32940 Win=501 Len=0 TSval=4219527042 TSecr=1722309644"
"155466","511.563797941","10.20.13.1","104.26.6.95","TLSv1.2","101","Application Data"
"155482","511.583068714","104.26.6.95","10.20.13.1","TCP","66","443  >  37218 [ACK] Seq=32940 Ack=5305 Win=9 Len=0 TSval=1722309666 TSecr=4219527044"
"158450","521.231897952","10.20.13.1","104.26.6.95","TLSv1.2","133","Application Data"
"158472","521.250419211","104.26.6.95","10.20.13.1","TCP","66","443  >  37218 [ACK] Seq=32940 Ack=5372 Win=9 Len=0 TSval=1722319334 TSecr=4219536712"
"158548","521.559985280","104.26.6.95","10.20.13.1","TLSv1.2","519","Application Data"
"158549","521.560953261","104.26.6.95","10.20.13.1","TLSv1.2","188","Application Data"
"158550","521.560975416","104.26.6.95","10.20.13.1","TLSv1.2","97","Application Data"
"158551","521.562550419","10.20.13.1","104.26.6.95","TCP","66","37218  >  443 [ACK] Seq=5372 Ack=33546 Win=501 Len=0 TSval=4219537043 TSecr=1722319643"
"158558","521.563581837","10.20.13.1","104.26.6.95","TLSv1.2","101","Application Data"
"158565","521.583159424","104.26.6.95","10.20.13.1","TCP","66","443  >  37218 [ACK] Seq=33546 Ack=5407 Win=9 Len=0 TSval=1722319665 TSecr=4219537044"
"160085","526.548969414","10.20.13.1","35.190.80.1","TCP","66","[TCP Keep-Alive] 51050  >  443 [ACK] Seq=2683 Ack=1081 Win=501 Len=0 TSval=2029610311 TSecr=617638490"
"160087","526.562899227","35.190.80.1","10.20.13.1","TCP","66","[TCP Keep-Alive ACK] 443  >  51050 [ACK] Seq=1081 Ack=2684 Win=1042 Len=0 TSval=617683585 TSecr=2029565217"
"160684","528.852818887","10.20.13.1","104.97.76.219","TCP","66","[TCP Keep-Alive] 39040  >  443 [ACK] Seq=2691 Ack=974 Win=64128 Len=0 TSval=3325057626 TSecr=1024847703"
"160685","528.864806664","104.97.76.219","10.20.13.1","TCP","66","[TCP Keep-Alive ACK] 443  >  39040 [ACK] Seq=974 Ack=2692 Win=64128 Len=0 TSval=1024892759 TSecr=3324607106"
"161276","531.238684687","10.20.13.1","104.26.6.95","TLSv1.2","133","Application Data"
"161278","531.257372534","104.26.6.95","10.20.13.1","TCP","66","443  >  37218 [ACK] Seq=33546 Ack=5474 Win=9 Len=0 TSval=1722329340 TSecr=4219546719"
"161363","531.572905892","104.26.6.95","10.20.13.1","TLSv1.2","674","Application Data"
"161364","531.573945454","104.26.6.95","10.20.13.1","TLSv1.2","188","Application Data"
"161365","531.573967558","104.26.6.95","10.20.13.1","TLSv1.2","97","Application Data"
"161367","531.575554507","10.20.13.1","104.26.6.95","TCP","66","37218  >  443 [ACK] Seq=5474 Ack=34307 Win=501 Len=0 TSval=4219547056 TSecr=1722329656"
"161368","531.576201123","10.20.13.1","104.26.6.95","TLSv1.2","101","Application Data"
"161379","531.595380546","104.26.6.95","10.20.13.1","TCP","66","443  >  37218 [ACK] Seq=34307 Ack=5509 Win=9 Len=0 TSval=1722329678 TSecr=4219547057"
"164533","541.177882859","10.20.13.1","35.190.80.1","TLSv1.2","248","Application Data"
"164534","541.177956145","10.20.13.1","35.190.80.1","TLSv1.2","105","Application Data"
"164535","541.190751598","35.190.80.1","10.20.13.1","TCP","66","443  >  51050 [ACK] Seq=1081 Ack=2905 Win=1042 Len=0 TSval=617698214 TSecr=2029624940"
"164536","541.190954090","35.190.80.1","10.20.13.1","TLSv1.2","105","Application Data"
"164537","541.190960333","10.20.13.1","35.190.80.1","TCP","66","51050  >  443 [ACK] Seq=2905 Ack=1120 Win=501 Len=0 TSval=2029624953 TSecr=617698214"
"164564","541.237088420","10.20.13.1","104.26.6.95","TLSv1.2","133","Application Data"
"164571","541.255571785","104.26.6.95","10.20.13.1","TCP","66","443  >  37218 [ACK] Seq=34307 Ack=5576 Win=9 Len=0 TSval=1722339339 TSecr=4219556718"
"164624","541.457133770","35.190.80.1","10.20.13.1","TLSv1.2","147","Application Data"
"164625","541.457179924","10.20.13.1","35.190.80.1","TCP","66","51050  >  443 [ACK] Seq=2905 Ack=1201 Win=501 Len=0 TSval=2029625220 TSecr=617698480"
"164626","541.458148272","10.20.13.1","35.190.80.1","TLSv1.2","105","Application Data"
"164627","541.458234830","10.20.13.1","35.190.80.1","TLSv1.2","101","Application Data"
"164631","541.471069679","35.190.80.1","10.20.13.1","TCP","66","443  >  51050 [ACK] Seq=1201 Ack=2979 Win=1042 Len=0 TSval=617698494 TSecr=2029625221"
"164677","541.567415192","104.26.6.95","10.20.13.1","TLSv1.2","525","Application Data"
"164678","541.567415808","104.26.6.95","10.20.13.1","TLSv1.2","188","Application Data"
"164679","541.567415848","104.26.6.95","10.20.13.1","TLSv1.2","97","Application Data"
"164680","541.567515072","10.20.13.1","104.26.6.95","TCP","66","37218  >  443 [ACK] Seq=5576 Ack=34919 Win=501 Len=0 TSval=4219557048 TSecr=1722339649"
"164681","541.568660758","10.20.13.1","104.26.6.95","TLSv1.2","101","Application Data"
"164686","541.587410537","104.26.6.95","10.20.13.1","TCP","66","443  >  37218 [ACK] Seq=34919 Ack=5611 Win=9 Len=0 TSval=1722339670 TSecr=4219557049"
